,park,assassination,theft,gang_rape,burglary,rape,assualt_attack,harassment(sexual),totalcrime,long,lat,area,crime/area,location_lat,location_long
0,PELHAM BAY PARK,2,0,1,3,1,2,9,18,-73.82215738,40.85413105,BRONX        ,2771.747,18,
1,VAN CORTLANDT PARK,2,0,1,3,1,2,1,10,-73.88657971,40.8970755,BRONX        ,1146.43,,
2,ROCKAWAY BEACH AND BOARDWALK,2,0,1,3,1,2,1,10,,,QUEENS       ,1072.564,,
3,FRESHKILLS PARK,2,0,1,3,1,2,1,10,-74.17996751,40.5791894,STATEN ISLAND,913.32,,
4,FLUSHING MEADOWS CORONA PARK,2,3,1,3,1,2,1,13,-73.84275442,40.74042105,QUEENS       ,897.69,,
5,LATOURETTE PARK & GOLF COURSE,2,0,1,3,1,2,1,10,,,STATEN ISLAND,843.97,,
6,MARINE PARK,2,0,1,3,1,2,1,10,-73.93419725,40.60557925,BROOKLYN     ,798,,
7,BELT PARKWAY/SHORE PARKWAY,2,0,1,3,1,2,1,10,-73.8404554,40.6665697,BROOKLYN/QUEENS,760.43,,
8,BRONX PARK,2,0,1,3,1,2,1,10,-73.87590377,40.8588468,BRONX        ,718.373,,
9,FRANKLIN D. ROOSEVELT BOARDWALK AND BEACH,2,0,1,3,1,2,1,10,,,STATEN ISLAND,644.35,,
10,ALLEY POND PARK,2,0,1,3,1,2,1,10,-73.74211785,40.7503214,QUEENS       ,635.514,,
11,PROSPECT PARK,2,0,1,3,1,2,1,10,-73.97108903,40.6617743,BROOKLYN     ,526.25,,
12,FOREST PARK,2,0,1,3,1,2,1,10,-87.8136997,41.8794989,QUEENS       ,506.86,,
13,GRAND CENTRAL PARKWAY,2,0,1,3,1,2,1,10,-73.9205493,40.7727092,QUEENS       ,460.16,,
14,FERRY POINT PARK,2,0,1,3,1,2,1,10,-76.18247918,36.824075,BRONX        ,413.8,,
15,CONEY ISLAND BEACH & BOARDWALK,2,0,1,3,1,2,1,10,-73.9837127,40.5727206,BROOKLYN     ,399.203,,
16,CUNNINGHAM PARK,2,0,1,3,1,2,1,10,-73.76793623,40.7351973,QUEENS       ,358,,
17,RICHMOND PARKWAY,2,0,1,3,1,2,1,10,-74.1763087,40.5542031,STATEN ISLAND,350.983,,
18,CROSS ISLAND PARKWAY,2,0,1,3,1,2,1,10,-80.7392712,32.2149782,QUEENS       ,326.895,,
19,GREAT KILLS PARK,2,0,1,3,1,2,1,10,-74.12614691,40.5436508,STATEN ISLAND,315.094,,
20,WOLFE'S POND PARK,2,0,1,3,1,2,1,10,-74.19461669,40.52475045,STATEN ISLAND,302.693,,
21,CONFERENCE HOUSE PARK,2,0,1,3,1,2,1,10,-74.25182497,40.5015228,STATEN ISLAND,286.382,,
22,RANDALL'S ISLAND PARK,2,0,1,3,1,2,1,10,-2.6136326,51.4510814,MANHATTAN    ,256.111,,
23,ROCKAWAY COMMUNITY PARK,2,0,1,3,1,2,1,10,-73.78045005,40.6019892,QUEENS       ,255.4,,
24,KISSENA PARK,2,0,1,3,1,2,1,10,-73.80875626,40.7459172,QUEENS       ,237.147,,
25,RIVERSIDE PARK,2,0,1,3,1,2,1,10,-76.60791705,39.2703627,MANHATTAN    ,235.765,,
26,HUTCHINSON RIVER PARKWAY,2,0,1,3,1,2,1,10,-73.83640394,40.84964235,BRONX        ,229.14,,
27,BLUE HERON PARK,2,0,1,3,1,2,1,10,-74.18073747,40.53182865,STATEN ISLAND,217.45,,
28,DYKER BEACH PARK,2,0,1,3,1,2,1,10,-74.01854323,40.6114853,BROOKLYN     ,216.655,,
29,WILLOWBROOK PARK,2,0,1,3,1,2,1,10,-122.6703996,49.11466635,STATEN ISLAND,214.947,,
30,STATEN ISLAND INDUSTRIAL PARK,2,0,1,3,1,2,1,10,,,STATEN ISLAND,210.928,,
31,SILVER LAKE PARK,2,0,1,3,1,2,1,10,-75.52036148,39.1658719,STATEN ISLAND,205.977,,
32,BRONX RIVER PARKWAY,2,0,1,3,1,2,1,10,-73.8666231,40.886288,BRONX        ,205.647,,
33,SOUNDVIEW PARK,2,0,1,3,1,2,1,10,-73.87110609,40.8153759,BRONX        ,205.31,,
34,BELT PARKWAY,2,0,1,3,1,2,1,10,-73.8133973,40.6664509,QUEENS       ,202.647,,
35,WILLOWBROOK PARKWAY,2,0,1,3,1,2,1,10,-74.13031155,40.57471495,STATEN ISLAND,198.481,,
36,INWOOD HILL PARK,2,0,1,3,1,2,1,10,-73.92542709,40.87227365,MANHATTAN    ,196.398,,
37,CLOVE LAKES PARK,2,0,1,3,1,2,1,10,-74.1128079,40.61873065,STATEN ISLAND,193.423,,
38,FORT WASHINGTON PARK,2,0,1,3,1,2,1,10,-77.03027747,38.71206835,MANHATTAN    ,184.143,,
39,IDLEWILD PARK,2,0,1,3,1,2,1,10,-79.27864548,40.26014165,QUEENS       ,180.85,,
40,WARDS ISLAND PARK,2,0,1,3,1,2,1,10,-73.93481007,40.78630295,MANHATTAN    ,176.581,,
41,SOUTH SHORE COUNTRY CLUB,2,0,1,3,1,2,1,10,-70.90034089,42.23135265,STATEN ISLAND,173.994,,
42,SAW MILL CREEK MARSH,2,0,1,3,1,2,1,10,,,STATEN ISLAND,171.778,,
43,BLOOD ROOT VALLEY,2,0,1,3,1,2,1,10,-74.13316327,40.5889398,STATEN ISLAND,161.242,,
44,JAMAICA BAY PARK,2,0,1,3,1,2,1,10,-73.76828169,40.61826885,QUEENS       ,149.54,,
45,KISSENA CORRIDOR PARK,2,0,1,3,1,2,1,10,-73.820693,40.7474306,QUEENS       ,146.81,,
46,HIGHLAND PARK,2,0,1,3,1,2,1,10,-96.8007733,32.831563,BROOKLYN/QUEENS,146.339,,
47,ARDEN WOODS,2,0,1,3,1,2,1,10,-95.50345918,30.1222312,STATEN ISLAND,145.864,,
48,RIVERDALE PARK,2,0,1,3,1,2,1,10,-76.9296515,38.9615103,BRONX        ,144.29,,
49,OCEAN PARKWAY MALLS,2,0,1,3,1,2,1,10,,,BROOKLYN     ,140,,
50,BLOOMINGDALE PARK,2,0,1,3,1,2,1,10,-74.21473042,40.53299355,STATEN ISLAND,138.1,,
51,OCEAN BREEZE PARK,2,0,1,3,1,2,1,10,-74.0808333,40.5894444,STATEN ISLAND,136.568,,
52,CANARSIE PARK,2,0,1,3,1,2,1,10,-73.89528207,40.62733225,BROOKLYN     ,132.2,,
53,HIGHBRIDGE PARK MANHATTAN SIDE,2,0,1,3,1,2,1,10,,,MANHATTAN    ,130.1,,
54,CROTONA PARK,2,0,1,3,1,2,1,10,-73.89239848,40.83881315,BRONX        ,127.5,,
55,PAERDEGAT BASIN PARK,2,0,1,3,1,2,1,10,-73.90542397,40.6246971,BROOKLYN     ,118.795,,
56,HOOK CREEK PARK,2,0,1,3,1,2,1,10,-73.7418133,40.6362434,QUEENS       ,111.163,,
57,CRESCENT BEACH PARK,2,0,1,3,1,2,1,10,-74.15458155,40.5317869,STATEN ISLAND,110.96,,
58,CLEARVIEW PARK GOLF COURSE,2,0,1,3,1,2,1,10,-73.78849072,40.78228,QUEENS       ,110.93,,
59,BAISLEY POND PARK,2,0,1,3,1,2,1,10,-73.78489673,40.67601485,QUEENS       ,109.609,,
60,PELHAM PARKWAY,2,0,1,3,1,2,1,10,-73.8554627,40.8588576,BRONX        ,108.91,,
61,PRALLS ISLAND,2,0,1,3,1,2,1,10,-74.2016817,40.60783895,STATEN ISLAND,107.514,,
62,MARINERS MARSH PARK,2,0,1,3,1,2,1,10,-74.17490191,40.6384382,STATEN ISLAND,107.2,,
63,DOUGLASTON PARK GOLF COURSE,2,0,1,3,1,2,1,10,,,QUEENS       ,104.6,,
64,LEMON CREEK PARK,2,0,1,3,1,2,1,10,-74.200144,40.5156613,STATEN ISLAND,104.545,,
65,SPRING CREEK PARK,2,0,1,3,1,2,1,10,-111.6385064,40.21777285,BROOKLYN/QUEENS,99.566,,
66,HIGH ROCK PARK,2,0,1,3,1,2,1,10,-74.12312452,40.5833286,STATEN ISLAND,94.1,,
67,LONG POND PARK,2,0,1,3,1,2,1,10,-71.3633961,42.6959234,STATEN ISLAND,91.948,,
68,BROOKVILLE PARK,2,0,1,3,1,2,1,10,-6.169326063,53.28638685,QUEENS       ,89.946,,
69,ISLE OF MEADOWS,2,0,1,3,1,2,1,10,-1.187499302,50.6259877,STATEN ISLAND,87.516,,
70,CALVERT VAUX PARK,2,0,1,3,1,2,1,10,-73.99057029,40.587828,BROOKLYN     ,85.527,,
71,PUGSLEY CREEK PARK,2,0,1,3,1,2,1,10,-73.85209073,40.8135189,BRONX        ,83.615,,
72,SNUG HARBOR CULTURAL CENTER,2,0,1,3,1,2,1,10,-74.10312359,40.6421044,STATEN ISLAND,83.3,,
73,MOSHOLU PARKWAY,2,0,1,3,1,2,1,10,-73.8846699,40.8797323,BRONX        ,80.936,,
74,MCGUIRE FIELDS,2,0,1,3,1,2,1,10,-73.89931254,40.61351615,BROOKLYN     ,77.181,,
75,FRESH CREEK NATURE PRESERVE,2,0,1,3,1,2,1,10,-73.88440056,40.64461215,BROOKLYN     ,77.044,,
76,JACKIE ROBINSON PARKWAY,2,0,1,3,1,2,1,10,-73.8574603,40.7031959,BROOKLYN/QUEENS,72.75,,
77,FORT TRYON PARK,2,0,1,3,1,2,1,10,-73.9323872,40.86181025,MANHATTAN    ,67.213,,
78,RIVERSIDE PARK SOUTH,2,0,1,3,1,2,1,10,-75.6760549,45.3627727,MANHATTAN    ,66.693,,
79,EASTERN PARKWAY,2,0,1,3,1,2,1,10,-73.9387715,40.6692306,BROOKLYN     ,65.7,,
80,FOUR SPARROW MARSH,2,0,1,3,1,2,1,10,-73.90533515,40.6011355,BROOKLYN     ,64.665,,
81,FORT TOTTEN PARK,2,0,1,3,1,2,1,10,-73.778797,40.7934184,QUEENS       ,60.394,,
82,ASTORIA PARK,2,0,1,3,1,2,1,10,-78.8918751,33.8241622,QUEENS       ,59.956,,
83,LAURELTON PARKWAY,2,0,1,3,1,2,1,10,-73.7436725,40.6656302,QUEENS       ,59.612,,
84,RED HOOK RECREATION AREA,2,0,1,3,1,2,1,10,-74.00605364,40.67139535,BROOKLYN     ,58.503,,
85,SHORE PARK AND PARKWAY,2,0,1,3,1,2,1,10,,,BROOKLYN     ,58,,
86,SPRING CREEK PARK ADDITION,2,0,1,3,1,2,1,10,,,BROOKLYN/QUEENS,57.921,,
87,JUNIPER VALLEY PARK,2,0,1,3,1,2,1,10,-73.88156984,40.7197275,QUEENS       ,55.639,,
88,LITTLE BAY PARK,2,1,1,3,1,2,1,11,-73.79067302,40.78916395,QUEENS       ,55.22,,
89,POWELL'S COVE PARK,2,0,1,3,1,2,1,10,-73.8318136,40.79014245,QUEENS       ,55.023,,
90,HENRY HUDSON PARKWAY,2,0,1,3,1,2,1,10,-73.9205639,40.8788411,BRONX        ,54.1,,
91,HARLEM RIVER PARK,2,0,1,3,1,2,1,10,-73.93410344,40.8147593,MANHATTAN    ,53.967,,
92,DUBOS POINT WILDLIFE SANCTUARY,2,0,1,3,1,2,1,10,-73.7905224,40.6003736,QUEENS       ,53.298,,
93,ROY WILKINS RECREATION CENTER,2,0,1,3,1,2,1,10,-73.76944757,40.6870325,QUEENS       ,53.238,,
94,REED'S BASKET WILLOW SWAMP PARK,2,0,1,3,1,2,1,10,-74.1052778,40.6011111,STATEN ISLAND,52.375,,
95,BROOKLYN BOTANIC GARDEN,2,0,1,3,1,2,1,10,-73.96362613,40.6676619,BROOKLYN     ,47.57,,
96,MEREDITH WOODS,2,0,1,3,1,2,1,10,-78.69677465,35.8108269,STATEN ISLAND,47.521,,
97,QUEENS FARM PARK,2,0,1,3,1,2,1,10,-73.72224863,40.7477484,QUEENS       ,47.08,,
98,EAST RIVER PARK,2,0,1,3,1,2,1,10,-73.97413794,40.718547,MANHATTAN    ,45.88,,
99,CROCHERON PARK,2,0,1,3,1,2,1,10,-73.76686451,40.7718748,QUEENS       ,45.79,,
100,MACOMBS DAM PARK,2,0,1,3,1,2,1,10,-73.92853367,40.82732775,BRONX        ,44.174,,
101,MANHATTAN BEACH PARK,2,0,1,3,1,2,1,10,-73.94097985,40.5766309,BROOKLYN     ,42.941,,
102,UDALL'S PARK PRESERVE,2,0,1,3,1,2,1,10,,,QUEENS       ,42.768,,
103,FAIRVIEW PARK,2,0,1,3,1,2,1,10,-81.8526519,41.4461727,STATEN ISLAND,42.6,,
104,BAYSWATER PARK,2,0,1,3,1,2,1,10,145.2700949,-37.8396005,QUEENS       ,40.07,,
105,DEERE PARK,2,0,1,3,1,2,1,10,-74.11158431,40.605293,STATEN ISLAND,39.779,,
106,PARADE GROUND,2,0,1,3,1,2,1,10,153.0177778,-29.6483333,BROOKLYN     ,39.5,,
107,CLAREMONT PARK,2,0,1,3,1,2,1,10,-0.367328,51.3597098,BRONX        ,38.536,,
108,BROAD CHANNEL WETLANDS,2,0,1,3,1,2,1,10,-73.82252843,40.61237355,QUEENS       ,37.95,,
109,CONEY ISLAND BOAT BASIN,2,0,1,3,1,2,1,10,-73.99005571,40.58281745,BROOKLYN     ,36.81,,
110,BUNKER PONDS PARK,2,0,1,3,1,2,1,10,-74.17886779,40.5203935,STATEN ISLAND,36.691,,
111,SETON FALLS PARK,2,0,1,3,1,2,1,10,-73.83772412,40.8868779,BRONX        ,35.771,,
112,MCCARREN PARK,2,0,1,3,1,2,1,10,-73.95286208,40.72116825,BROOKLYN     ,35.713,,
113,ST. MARY'S PARK BRONX,2,0,1,3,1,2,1,10,-73.91240518,40.81157845,BRONX        ,35.311,,
114,SHOOTERS ISLAND,2,0,1,3,1,2,1,10,-74.15968356,40.64340755,STATEN ISLAND,34.689,,
115,NORTH BROTHER ISLAND,2,0,1,3,1,2,1,10,-73.89845636,40.80066265,BRONX        ,30.395,,
116,FORT GREENE PARK,2,0,1,3,1,2,1,10,-73.97562243,40.6914756,BROOKLYN     ,30.168,,
117,BATTERY PARK CITY,2,0,1,3,1,2,1,10,-74.0169369,40.7110166,MANHATTAN    ,29.99,,
118,MORNINGSIDE PARK,2,0,1,3,1,2,1,10,-73.95870305,40.80602085,MANHATTAN    ,29.888,,
119,MACNEIL PARK,2,0,1,3,1,2,1,10,-73.85138731,40.79272405,QUEENS       ,28.87,,
120,ALLEY ATHLETIC PLAYGROUND,2,0,1,3,1,2,1,10,,,QUEENS       ,27.531,,
121,VERNAM BARBADOES PENINSULA,2,0,1,3,1,2,1,10,-73.80600396,40.593663,QUEENS       ,27.484,,
122,COLLEGE POINT FIELDS,2,0,1,3,1,2,1,10,-73.837922,40.7764816,QUEENS       ,26.83,,
123,KAISER PARK,2,0,1,3,1,2,1,10,-73.99611431,40.5797371,BROOKLYN     ,26.257,,
124,SUNSET PARK,2,0,1,3,1,2,1,10,-74.007532,40.644337,BROOKLYN     ,24.498,,
125,OWL'S HEAD PARK,2,0,1,3,1,2,1,10,-74.0328434,40.6398992,BROOKLYN     ,24.218,,
126,SPRINGFIELD PARK,2,0,1,3,1,2,1,10,-0.059355687,51.5707299,QUEENS       ,23.543,,
127,RECREATIONAL AREA,2,0,1,3,1,2,1,10,-43.97140383,-19.8703882,MANHATTAN    ,23.093,,
128,KING FISHER PARK,2,0,1,3,1,2,1,10,28.30814516,-25.7026072,STATEN ISLAND,23.01,,
129,SIEDENBURG PARK,2,0,1,3,1,2,1,10,,,STATEN ISLAND,22.882,,
130,ST. NICHOLAS PARK,2,0,1,3,1,2,1,10,-73.94903635,40.8172902,MANHATTAN    ,22.74,,
131,SOUTH BROTHER ISLAND,2,0,1,3,1,2,1,10,-73.89799798,40.79634145,BRONX        ,22.16,,
132,LOCUST POINT MARINA,2,0,1,3,1,2,1,10,-73.80504073,40.8156899,BRONX        ,22.07,,
133,BATTERY PARK,2,0,1,3,1,2,1,10,-74.01578792,40.70303075,MANHATTAN    ,21.88,,
134,BROOKLYN BRIDGE PARK,2,0,1,3,1,2,1,10,-73.99919421,40.6979098,BROOKLYN     ,21.185,,
135,ASSER LEVY PARK,2,0,1,3,1,2,1,10,-73.97134185,40.5753623,BROOKLYN     ,21.039,,
136,SEASIDE WILDLIFE NATURE PARK,2,0,1,3,1,2,1,10,-74.14269932,40.54064935,STATEN ISLAND,20.907,,
137,WAVE HILL,2,0,1,3,1,2,1,10,-73.91225837,40.89865355,BRONX        ,20.867,,
138,QUEENSBRIDGE PARK,2,0,1,3,1,2,1,10,-73.94854808,40.75653735,QUEENS       ,20.34,,
139,MARCUS GARVEY PARK,2,0,1,3,1,2,1,10,-73.94366898,40.8044856,MANHATTAN    ,20.165,,
140,ISHAM PARK,2,0,1,3,1,2,1,10,-73.91927065,40.8696247,MANHATTAN    ,20.132,,
141,WILLIAMSBRIDGE OVAL,2,0,1,3,1,2,1,10,-73.87752006,40.87762425,BRONX        ,19.749,,
142,BRANT POINT WILDLIFE SANCTUARY,2,0,1,3,1,2,1,10,-73.80314594,40.598387,QUEENS       ,19.556,,
143,BROAD CHANNEL AMERICAN PARK,2,0,1,3,1,2,1,10,-73.82250075,40.59764345,QUEENS       ,18.768,,
144,THEODORE ROOSEVELT PARK,2,0,1,3,1,2,1,10,-73.97558389,40.7813587,MANHATTAN    ,17.574,,
145,BENSONHURST PARK,2,0,1,3,1,2,1,10,-74.00169021,40.5963063,BROOKLYN     ,17.5,,
146,LINCOLN TERRACE / ARTHUR S. SOMERS PARK,2,0,1,3,1,2,1,10,-73.92651288,40.6670592,BROOKLYN     ,17.14,,
147,JOHN GOLDEN PARK,2,0,1,3,1,2,1,10,-73.76822495,40.77420815,QUEENS       ,17,,
148,BAYVIEW TERRACE PARK,2,0,1,3,1,2,1,10,-74.16293982,40.5272567,STATEN ISLAND,16.944,,
149,JONES WOODS PARK,2,0,1,3,1,2,1,10,-74.09079394,40.6373783,STATEN ISLAND,16.93,,
150,FRANCIS LEWIS PARK,2,0,1,3,1,2,1,10,-73.82469781,40.79673085,QUEENS       ,16.831,,
151,LEIF ERICSON PARK,2,0,1,3,1,2,1,10,-74.02351205,40.63765035,BROOKLYN     ,16.8,,
152,EIBS POND PARK,2,0,1,3,1,2,1,10,-74.08164727,40.61102525,STATEN ISLAND,16.505,,
153,RAILROAD PARK QUEENS,2,0,1,3,1,2,1,10,-73.76800646,40.6779426,QUEENS       ,16.439,,
154,BREUKELEN BALLFIELDS,2,0,1,3,1,2,1,10,-73.89136501,40.65124115,BROOKLYN     ,16.16,,
155,FRANZ SIGEL PARK,2,0,1,3,1,2,1,10,-73.92558846,40.8232873,BRONX        ,15.99,,
156,THOMAS JEFFERSON PARK,2,0,1,3,1,2,1,10,-73.93546007,40.7931557,MANHATTAN    ,15.524,,
157,ALICE AUSTEN PARK,2,0,1,3,1,2,1,10,-74.06298988,40.61535845,STATEN ISLAND,15.524,,
158,MILL POND PARK,2,0,1,3,1,2,1,10,-73.93175936,40.82268615,BRONX        ,15.496,,
159,SHERMAN CREEK,2,0,1,3,1,2,1,10,-81.4226873,30.3647379,MANHATTAN    ,15.383,,
160,HARRIS PARK,2,0,1,3,1,2,1,10,151.0076541,-33.8233375,BRONX        ,15.32,,
161,GOODHUE,2,0,1,3,1,2,1,10,-92.7175627,44.396973,STATEN ISLAND,15.064,,
162,MULLALY PARK,2,0,1,3,1,2,1,10,,,BRONX        ,15.049,,
163,TREMONT PARK,2,0,1,3,1,2,1,10,-81.1378899,32.0599299,BRONX        ,15,,
164,CARL SCHURZ PARK,2,0,1,3,1,2,1,10,-73.94352945,40.7751654,MANHATTAN    ,14.938,,
165,GRAND ARMY PLAZA BROOKLYN,2,0,1,3,1,2,1,10,-73.9708155,40.6749223,BROOKLYN     ,14.257,,
166,VON BRIESEN PARK,2,0,1,3,1,2,1,10,-74.05888368,40.60759635,STATEN ISLAND,13.938,,
167,MOTOR PARKWAY,2,0,1,3,1,2,1,10,-73.1525204,40.8174233,QUEENS       ,13.894,,
168,UNNAMED PARK ON BEACH CHANNEL DRIVE & BEACH 116TH STREET TO BEACH 108TH STREET,2,0,1,3,1,2,1,10,,,QUEENS       ,13.826,,
169,BEACH 17 PLAYGROUND,2,0,1,3,1,2,1,10,-75.9992552,36.8022051,QUEENS       ,13.75,,
170,TUDOR PARK,2,0,1,3,1,2,1,10,-91.49943108,41.66603445,QUEENS       ,13.543,,
171,AQUEDUCT WALK,2,0,1,3,1,2,1,10,-73.91209935,40.8528324,BRONX        ,13.533,,
172,FATHER MACRIS PARK,2,0,1,3,1,2,1,10,-74.16177324,40.61680265,STATEN ISLAND,13.469,,
173,STARLIGHT PARK,2,0,1,3,1,2,1,10,-73.88215957,40.8339489,BRONX        ,12.93,,
174,JACKIE ROBINSON PARK MANHATTAN,2,0,1,3,1,2,1,10,-73.94120904,40.82643945,MANHATTAN    ,12.772,,
175,BROOKLYN MUSEUM,2,0,1,3,1,2,1,10,-73.96331573,40.6709108,BROOKLYN     ,12.66,,
176,BEACH CHANNEL PARK,2,0,1,3,1,2,1,10,-73.84255988,40.5816896,QUEENS       ,12.624,,
177,GREENBELT NATIVE PLANT CENTER,2,0,1,3,1,2,1,10,,,STATEN ISLAND,12.247,,
178,BOWNE PARK,2,0,1,3,1,2,1,10,-73.80733141,40.7704774,QUEENS       ,11.788,,
179,SETON PARK,2,0,1,3,1,2,1,10,-3.457714558,55.9625594,BRONX        ,11.689,,
180,RUFUS KING PARK,2,0,1,3,1,2,1,10,-73.80378473,40.7033123,QUEENS       ,11.5,,
181,FRANK GOLDEN PARK,2,0,1,3,1,2,1,10,-73.83447146,40.78493505,QUEENS       ,11.422,,
182,ST. JAMES PARK,2,0,1,3,1,2,1,10,-1.621873666,54.9754693,BRONX        ,11.39,,
183,RICHMOND TERRACE WETLANDS,2,0,1,3,1,2,1,10,,,STATEN ISLAND,11.193,,
184,BARRETTO POINT PARK,2,0,1,3,1,2,1,10,-73.88814404,40.8055792,BRONX        ,11.161,,
185,ST. ALBANS PARK,2,0,1,3,1,2,1,10,144.3907557,-38.1939926,QUEENS       ,10.79,,
186,GEMINI FIELDS,2,0,1,3,1,2,1,10,-1.1491291,52.0430395,QUEENS       ,10.761,,
187,GIVANS CREEK WOODS,2,0,1,3,1,2,1,10,-73.83045609,40.8798974,BRONX        ,10.735,,
188,BETSY HEAD PARK,2,0,1,3,1,2,1,10,-73.91336984,40.6627297,BROOKLYN     ,10.555,,
189,TOMPKINS SQUARE PARK,2,0,1,3,1,2,1,10,-73.98168426,40.72648575,MANHATTAN    ,10.502,,
190,CPL. THOMPSON PARK,2,0,1,3,1,2,1,10,,,STATEN ISLAND,10.5,,
191,COMMODORE BARRY PARK,2,0,1,3,1,2,1,10,-75.37847387,39.8329094,BROOKLYN     ,10.391,,
192,CADMAN PLAZA PARK,2,0,1,3,1,2,1,10,-73.9906417,40.6977065,BROOKLYN     ,10.384,,
193,BROADWAY MALLS,2,0,1,3,1,2,1,10,-73.98210946,40.769331,MANHATTAN    ,10.242,,
194,STEEPLECHASE PARK,2,0,1,3,1,2,1,10,-73.9837688,40.57312285,BROOKLYN     ,10.01,,
195,HUNTER'S POINT SOUTH PARK,2,0,1,3,1,2,1,10,,,QUEENS       ,10,,
196,UNNAMED PARK ON RICHMOND TERRACE,2,0,1,3,1,2,1,10,,,STATEN ISLAND,9.934,,
197,HYBRID OAK WOODS PARK,2,0,1,3,1,2,1,10,,,STATEN ISLAND,9.763,,
198,WASHINGTON SQUARE PARK,2,0,1,3,1,2,1,10,-73.99758504,40.73089125,MANHATTAN    ,9.749,,
199,BRYANT PARK,2,0,1,3,1,2,1,10,-73.98354279,40.75375085,MANHATTAN    ,9.603,,
200,ROCKAWAY FREEWAY,2,0,1,3,1,2,1,10,-73.8053488,40.5904813,QUEENS       ,9.404,,
201,BICENTENNIAL VETERANS MEMORIAL PARK,2,0,1,3,1,2,1,10,-73.81376182,40.82362905,BRONX        ,9.395,,
202,SUNSET COVE PARK,2,0,1,3,1,2,1,10,-112.0076517,40.60116975,QUEENS       ,9.375,,
203,ST. JOHN'S RECREATION CENTER,2,0,1,3,1,2,1,10,-73.93489889,40.6738837,BROOKLYN     ,9.339,,
204,LINDEN PARK,2,0,1,3,1,2,1,10,138.6472732,-34.9435932,BROOKLYN     ,9.322,,
205,HAFFEN PARK,2,0,1,3,1,2,1,10,-73.8395788,40.8734332,BRONX        ,9.238,,
206,ALLISON POND PARK,2,0,1,3,1,2,1,10,,,STATEN ISLAND,9.2,,
207,GRANITEVILLE SWAMP PARK,2,0,1,3,1,2,1,10,-74.16928886,40.6236687,STATEN ISLAND,9.187,,
208,TOTTENVILLE SHORE PARK,2,0,1,3,1,2,1,10,-74.25264333,40.5102277,STATEN ISLAND,9.181,,
209,CAPTAIN TILLY PARK,2,0,1,3,1,2,1,10,-73.79866941,40.7118537,QUEENS       ,9.16,,
210,HARVEY PARK,2,0,1,3,1,2,1,10,-105.0391672,39.67466375,QUEENS       ,9.154,,
211,MSGR. MCGOLRICK PARK,2,0,1,3,1,2,1,10,,,BROOKLYN     ,9.134,,
212,BUSHWICK INLET PARK,2,0,1,3,1,2,1,10,-73.96138227,40.72234945,BROOKLYN     ,9.01,,
213,HENRY HUDSON PARK,2,0,1,3,1,2,1,10,-73.92093272,40.88098475,BRONX        ,8.972,,
214,FRANK PRINCIPE PARK,2,0,1,3,1,2,1,10,-73.90490096,40.7275478,QUEENS       ,8.899,,
215,CASTLE HILL PARK,2,0,1,3,1,2,1,10,-135.3376977,57.048613,BRONX        ,8.834,,
216,ROCHDALE PARK,2,0,1,3,1,2,1,10,-104.6836682,50.4967478,QUEENS       ,8.833,,
217,ABE STARK SKATING RINK,2,0,1,3,1,2,1,10,,,BROOKLYN     ,8.807,,
218,CITY HALL PARK,2,0,1,3,1,2,1,10,-74.00586978,40.71286785,MANHATTAN    ,8.8,,
219,EAST RIVER WATERFRONT ESPLANADE,2,0,1,3,1,2,1,10,,,MANHATTAN    ,8.761,,
220,CROTONA PARKWAY MALLS,2,0,1,3,1,2,1,10,-73.88285213,40.8483714,BRONX        ,8.75,,
221,CONEY ISLAND CREEK PARK,2,0,1,3,1,2,1,10,-74.00335585,40.5812487,BROOKLYN     ,8.663,,
222,MILL ROCK PARK,2,0,1,3,1,2,1,10,-73.93821591,40.7804761,MANHATTAN    ,8.639,,
223,EAST RIVER ESPLANADE E 90TH ST TO E 125TH ST,2,0,1,3,1,2,1,10,,,MANHATTAN    ,8.595,,
224,JOHN J CARTY PARK,2,0,1,3,1,2,1,10,-74.02952569,40.61399005,BROOKLYN     ,8.565,,
225,COFFEY PARK,2,0,1,3,1,2,1,10,-122.7489621,38.4794661,BROOKLYN     ,8.271,,
226,BARRETT PARK,2,0,1,3,1,2,1,10,-78.88563995,42.95096735,STATEN ISLAND,8.108,,
227,RAINEY PARK QUEENS,2,0,1,3,1,2,1,10,-73.94104512,40.7660541,QUEENS       ,8.09,,
228,LAGUARDIA LANDING LIGHTS,2,0,1,3,1,2,1,10,-73.88682096,40.76595055,QUEENS       ,8.03,,
229,CITY ISLAND WETLANDS,2,0,1,3,1,2,1,10,-74.10827365,40.5586121,BRONX        ,8.005,,
230,SARA D. ROOSEVELT PARK,2,0,1,3,1,2,1,10,-73.99314957,40.718607,MANHATTAN    ,7.85,,
231,EWEN PARK,2,0,1,3,1,2,1,10,-73.90992951,40.88216915,BRONX        ,7.84,,
232,HERBERT VON KING PARK,2,0,1,3,1,2,1,10,-73.94664216,40.6897815,BROOKLYN     ,7.819,,
233,MOUNT PROSPECT PARK,2,0,1,3,1,2,1,10,-73.96667637,40.6717255,BROOKLYN     ,7.79,,
234,RAINEY PARK BRONX,2,0,1,3,1,2,1,10,-73.89720425,40.8192267,BRONX        ,7.738,,
235,DETECTIVE KEITH L WILLIAMS PARK,2,0,1,3,1,2,1,10,-73.78425152,40.7026659,QUEENS       ,7.683,,
236,FLUSHING FIELDS,2,0,1,3,1,2,1,10,,,QUEENS       ,7.671,,
237,PALMER INLET,2,0,1,3,1,2,1,10,-73.8158333,40.8433333,BRONX        ,7.49,,
238,MIDLAND FIELD,2,0,1,3,1,2,1,10,-74.0986111,40.5761111,STATEN ISLAND,7.463,,
239,SCHMUL PARK,2,0,1,3,1,2,1,10,-74.18677172,40.58940165,STATEN ISLAND,7.395,,
240,BRIDGE PARK BRONX,2,0,1,3,1,2,1,10,-73.92633428,40.8475739,BRONX        ,7.156,,
241,BEACH 30TH STREET PLAYGROUND,2,0,1,3,1,2,1,10,,,QUEENS       ,7.122,,
242,BROWER PARK,2,0,1,3,1,2,1,10,-73.94370739,40.6739108,BROOKLYN     ,7.047,,
243,JOYCE KILMER PARK,2,0,1,3,1,2,1,10,-73.92270881,40.8284672,BRONX        ,6.882,,
244,MARIA HERNANDEZ PARK,2,0,1,3,1,2,1,10,-73.92386696,40.70316555,BROOKLYN     ,6.873,,
245,THE HIGH LINE,2,0,1,3,1,2,1,10,-74.00489117,40.74770385,MANHATTAN    ,6.73,,
246,LINDOWER PARK,2,0,1,3,1,2,1,10,-73.91161994,40.6123815,BROOKLYN     ,6.7,,
247,FRIENDS FIELD,2,0,1,3,1,2,1,10,-73.97327938,40.61869665,BROOKLYN     ,6.7,,
248,J. HOOD WRIGHT PARK,2,0,1,3,1,2,1,10,-73.94137838,40.84646605,MANHATTAN    ,6.699,,
249,WNYC TRANSMITTER PARK,2,0,1,3,1,2,1,10,-73.9607289,40.7298554,BROOKLYN     ,6.611,,
250,SPUYTEN DUYVIL SHOREFRONT PARK,2,0,1,3,1,2,1,10,-73.92092327,40.8789312,BRONX        ,6.6,,
251,PARK AVENUE MALLS,2,0,1,3,1,2,1,10,-73.95233562,40.78685295,MANHATTAN    ,6.593,,
252,WESTWOOD PARK,2,0,1,3,1,2,1,10,-2.9302185,53.2582734,STATEN ISLAND,6.563,,
253,UNION SQUARE PARK,2,0,1,3,1,2,1,10,-73.99032157,40.73603665,MANHATTAN    ,6.51,,
254,CONCRETE PLANT PARK,2,0,1,3,1,2,1,10,-73.88518958,40.82540365,BRONX        ,6.438,,
255,COL. YOUNG PLAYGROUND,2,0,1,3,1,2,1,10,,,MANHATTAN    ,6.423,,
256,BRADYS POND PARK,2,0,1,3,1,2,1,10,,,STATEN ISLAND,6.402,,
257,COOPER PARK,2,0,1,3,1,2,1,10,-88.0152619,43.0718269,BROOKLYN     ,6.401,,
258,GRAVESEND PARK,2,0,1,3,1,2,1,10,-73.98431275,40.62359985,BROOKLYN     ,6.379,,
259,DR. CHARLES R. DREW PARK,2,0,1,3,1,2,1,10,,,QUEENS       ,6.336,,
260,TRINITY PARK,2,0,1,3,1,2,1,10,145.7029542,-16.8071795,BROOKLYN     ,6.3,,
261,MADISON SQUARE PARK,2,0,1,3,1,2,1,10,-73.98796547,40.742203,MANHATTAN    ,6.234,,
262,ELMHURST PARK,2,0,1,3,1,2,1,10,-73.8851557,40.72979605,QUEENS       ,6.219,,
263,FORT HAMILTON ATHLETIC FIELD,2,0,1,3,1,2,1,10,-74.03742256,40.62666935,BROOKLYN     ,6.194,,
264,AMBROSINI FIELD,2,0,1,3,1,2,1,10,-73.7842904,40.84448375,BRONX        ,6.1,,
265,CLEARVIEW PARK,2,0,1,3,1,2,1,10,0.164964362,52.2267259,QUEENS       ,6.05,,
266,RALPH DEMARCO PARK,2,0,1,3,1,2,1,10,-73.91705541,40.78422805,QUEENS       ,6.03,,
267,WINGATE PARK,2,0,1,3,1,2,1,10,28.2697222,-25.825,BROOKLYN     ,5.888,,
268,UNNAMED PARK ON DRUMGOOLE ROAD & HUGUENOT AVENUE,2,0,1,3,1,2,1,10,,,STATEN ISLAND,5.848,,
269,DE WITT CLINTON PARK,2,0,1,3,1,2,1,10,,,MANHATTAN    ,5.829,,
270,UNNAMED PARK ON BOUNDARY AVENUE,2,0,1,3,1,2,1,10,,,STATEN ISLAND,5.765,,
271,VAN VOORHEES PARK,2,0,1,3,1,2,1,10,-73.99966366,40.68981215,BROOKLYN     ,5.739,,
272,HALLETS COVE PLAYGROUND,2,0,1,3,1,2,1,10,-73.93424414,40.7720251,QUEENS       ,5.7,,
273,MCKINLEY PARK,2,0,1,3,1,2,1,10,-87.67968489,41.82489365,BROOKLYN     ,5.655,,
274,SOUTHERN FIELDS,2,0,1,3,1,2,1,10,-119.7101477,36.7605865,QUEENS       ,5.593,,
275,DEVOE PARK,2,0,1,3,1,2,1,10,-73.90524348,40.8635581,BRONX        ,5.44,,
276,ST. MICHAEL'S PLAYGROUND,2,0,1,3,1,2,1,10,-73.90030497,40.75870725,QUEENS       ,5.43,,
277,MAFERA PARK,2,0,1,3,1,2,1,10,-73.89133478,40.70672855,QUEENS       ,5.4,,
278,KENNEDY PLAYGROUND,2,0,1,3,1,2,1,10,-71.09594598,42.2654295,QUEENS       ,5.4,,
279,SEAGIRT AVE WETLANDS,2,0,1,3,1,2,1,10,-73.74069613,40.5967916,QUEENS       ,5.323,,
280,JOHN PAUL JONES PARK,2,0,1,3,1,2,1,10,-74.03385629,40.61100155,BROOKLYN     ,5.317,,
281,WALKER PARK,2,0,1,3,1,2,1,10,-85.7533219,41.3294905,STATEN ISLAND,5.278,,
282,OLD PLACE CREEK PARK,2,0,1,3,1,2,1,10,,,STATEN ISLAND,5.233,,
283,HOOVER - MANTON PLAYGROUNDS,2,0,1,3,1,2,1,10,,,QUEENS       ,5.2,,
284,GEN. DOUGLAS MACARTHUR PARK,2,0,1,3,1,2,1,10,,,STATEN ISLAND,5.165,,
285,GROVER CLEVELAND PLAYGROUND,2,0,1,3,1,2,1,10,-80.09901196,42.09090485,QUEENS       ,5.1,,
286,POLICE OFFICER EDWARD BYRNE PARK,2,0,1,3,1,2,1,10,-73.8078412,40.6675008,QUEENS       ,4.966,,
287,CYPRESS HILLS PLAYGROUND,2,0,1,3,1,2,1,10,-73.87166673,40.6704474,BROOKLYN     ,4.947,,
288,SETH LOW PLAYGROUND/ BEALIN SQUARE,2,0,1,3,1,2,1,10,,,BROOKLYN     ,4.945,,
289,KELLY PARK,2,0,1,3,1,2,1,10,-121.6292424,37.1363911,BROOKLYN     ,4.896,,
290,SOCRATES SCULPTURE PARK,2,0,1,3,1,2,1,10,,,QUEENS       ,4.893,,
291,BEACH 9 PLAYGROUND,2,0,1,3,1,2,1,10,-75.9992552,36.8022051,QUEENS       ,4.863,,
292,SOUTH BEACH WETLANDS,2,0,1,3,1,2,1,10,-74.07024855,40.5888249,STATEN ISLAND,4.794,,
293,NAPLES PLAYGROUND,2,0,1,3,1,2,1,10,-74.09004792,40.6025011,STATEN ISLAND,4.784,,
294,RAOUL WALLENBERG FOREST,2,0,1,3,1,2,1,10,-73.91690069,40.88654625,BRONX        ,4.73,,
295,WEST HARLEM PIERS,2,0,1,3,1,2,1,10,-73.96098748,40.8191325,MANHATTAN    ,4.712,,
296,SPORTS PARK,2,0,1,3,1,2,1,10,-76.941998,18.2386244,STATEN ISLAND,4.647,,
297,WASHINGTON'S WALK,2,0,1,3,1,2,1,10,-77.04026909,38.8898398,BRONX        ,4.637,,
298,CAMBRIA PLAYGROUND,2,0,1,3,1,2,1,10,-73.74303736,40.6895068,QUEENS       ,4.635,,
299,MARCONI PARK,2,0,1,3,1,2,1,10,-73.79549033,40.6939051,QUEENS       ,4.635,,
300,VALENTINO PIER,2,0,1,3,1,2,1,10,7.686952364,45.05419745,BROOKLYN     ,4.525,,
301,GRANITEVILLE QUARRY PARK,2,0,1,3,1,2,1,10,-74.15396395,40.6248938,STATEN ISLAND,4.465,,
302,MONTBELLIER PARK,2,0,1,3,1,2,1,10,-73.75653334,40.6751007,QUEENS       ,4.427,,
303,QUARRY BALLFIELDS,2,0,1,3,1,2,1,10,-73.89098394,40.8509376,BRONX        ,4.417,,
304,RICHMAN (ECHO) PARK,2,0,1,3,1,2,1,10,-73.90164726,40.8493615,BRONX        ,4.385,,
305,JEROME PARK,2,0,1,3,1,2,1,10,-79.9345068,39.6320259,BRONX        ,4.359,,
306,CORLEARS HOOK PARK,2,0,1,3,1,2,1,10,-73.97953863,40.7117823,MANHATTAN    ,4.355,,
307,"PHIL ""SCOOTER"" RIZZUTO PARK",2,0,1,3,1,2,1,10,-73.82159282,40.69479745,QUEENS       ,4.353,,
308,ASPHALT GREEN,2,0,1,3,1,2,1,10,-74.0149055,40.7159868,MANHATTAN    ,4.35,,
309,FABER POOL AND PARK,2,0,1,3,1,2,1,10,,,STATEN ISLAND,4.339,,
310,MACHATE CIRCLE,2,0,1,3,1,2,1,10,-73.97218899,40.651009,BROOKLYN     ,4.32,,
311,HAMILTON FISH PARK,2,0,1,3,1,2,1,10,-73.98083392,40.71979385,MANHATTAN    ,4.3,,
312,TIFFANY STREET PIER,2,0,1,3,1,2,1,10,,,BRONX        ,4.231,,
313,KINGDOM POND PARK,2,0,1,3,1,2,1,10,-74.18612088,40.5252066,STATEN ISLAND,4.22,,
314,COLUMBUS PARK BROOKLYN,2,0,1,3,1,2,1,10,-73.98996796,40.69370195,BROOKLYN     ,4.14,,
315,STAPLETON PLAYGROUND,2,0,1,3,1,2,1,10,-74.07963206,40.62323035,STATEN ISLAND,4.096,,
316,STERNBERG PARK,2,0,1,3,1,2,1,10,-73.94720522,40.70604325,BROOKLYN     ,4.044,,
317,COLUCCI PLAYGROUND,2,0,1,3,1,2,1,10,-73.83455185,40.8531979,BRONX        ,4,,
318,NORTHERLEIGH PARK,2,0,1,3,1,2,1,10,-74.13387455,40.6227175,STATEN ISLAND,3.955,,
319,STUYVESANT SQUARE,2,0,1,3,1,2,1,10,-73.98443966,40.73383055,MANHATTAN    ,3.928,,
320,LAST CHANCE POND PARK,2,0,1,3,1,2,1,10,-74.0983333,40.5852778,STATEN ISLAND,3.903,,
321,FORDHAM LANDING PLAYGROUND,2,0,1,3,1,2,1,10,-73.9105556,40.8633333,BRONX        ,3.9,,
322,CHELSEA PARK,2,0,1,3,1,2,1,10,-74.00067926,40.74992925,MANHATTAN    ,3.9,,
323,NORTH 5TH STREET PIER AND PARK,2,0,1,3,1,2,1,10,,,BROOKLYN     ,3.882,,
324,HAGGERTY PARK,2,0,1,3,1,2,1,10,-73.75767813,40.7129991,QUEENS       ,3.867,,
325,JACOB H. SCHIFF PLAYGROUND,2,0,1,3,1,2,1,10,-73.95196522,40.82059105,MANHATTAN    ,3.852,,
326,GRANT PARK,2,0,1,3,1,2,1,10,-87.6425237,41.2454168,BRONX        ,3.85,,
327,EAST ELMHURST PLAYGROUND,2,0,1,3,1,2,1,10,-73.87098371,40.76562665,QUEENS       ,3.827,,
328,JOSEPH AUSTIN PLAYGROUND,2,0,1,3,1,2,1,10,-73.80070362,40.71581,QUEENS       ,3.814,,
329,UNNAMED PARK ON ROCKAWAY BOARDWALK & CREST ROAD,2,0,1,3,1,2,1,10,,,QUEENS       ,3.809,,
330,LINCOLN CENTER PLAZA,2,0,1,3,1,2,1,10,-82.51423237,28.46607365,MANHATTAN    ,3.8,,
331,INGRAM WOODS,2,0,1,3,1,2,1,10,-74.13661041,40.6092008,STATEN ISLAND,3.77,,
332,FARM PLAYGROUND,2,0,1,3,1,2,1,10,-73.77737435,40.73561335,QUEENS       ,3.757,,
333,HINTON PARK,2,0,1,3,1,2,1,10,-2.8402309,50.8940557,QUEENS       ,3.735,,
334,LOUIS PASTEUR PARK,2,0,1,3,1,2,1,10,-73.73537043,40.7620708,QUEENS       ,3.673,,
335,WHITEY FORD FIELD,2,0,1,3,1,2,1,10,,,QUEENS       ,3.622,,
336,POMONOK PLAYGROUND,2,0,1,3,1,2,1,10,-73.8137851,40.7359552,QUEENS       ,3.596,,
337,CLAWSON PLAYGROUND,2,0,1,3,1,2,1,10,-74.12392867,40.56047955,STATEN ISLAND,3.593,,
338,BENNETT REST,2,0,1,3,1,2,1,10,,,MANHATTAN    ,3.567,,
339,GOVERNOR SMITH PLAYGROUND,2,0,1,3,1,2,1,10,-73.92085048,40.81927175,BRONX        ,3.564,,
340,PAERDEGAT PARK,2,0,1,3,1,2,1,10,-73.93814035,40.6380541,BROOKLYN     ,3.56,,
341,AMERSFORT PARK,2,0,1,3,1,2,1,10,-73.93901647,40.6286515,BROOKLYN     ,3.557,,
342,CITY LINE PARK,2,0,1,3,1,2,1,10,-73.87553427,40.67962895,BROOKLYN     ,3.552,,
343,BAILEY PLAYGROUND,2,0,1,3,1,2,1,10,-73.9008333,40.8811111,BRONX        ,3.533,,
344,NAUTILUS PLAYGROUND QUEENS,2,0,1,3,1,2,1,10,-73.77,40.6844444,QUEENS       ,3.52,,
345,VINMONT VETERAN PARK,2,0,1,3,1,2,1,10,-73.9052778,40.9022222,BRONX        ,3.5,,
346,MCDONALD PLAYGROUND BROOKLYN,2,0,1,3,1,2,1,10,-73.97211833,40.60079725,BROOKLYN     ,3.485,,
347,THE OLDE TOWNE OF FLUSHING BURIAL GROUND,2,0,1,3,1,2,1,10,,,QUEENS       ,3.474,,
348,WEGENER PARK,2,0,1,3,1,2,1,10,-74.17609757,40.55261645,STATEN ISLAND,3.464,,
349,UNNAMED PARK ON BEACH CHANNEL DRIVE & BEACH 89TH TO OLD BEACH 88TH STREET,2,0,1,3,1,2,1,10,,,QUEENS       ,3.43,,
350,JULIO CARBALLO FIELDS,2,0,1,3,1,2,1,10,,,BRONX        ,3.428,,
351,GRADY PLAYGROUND,2,0,1,3,1,2,1,10,-73.96467321,40.58239475,BROOKLYN     ,3.403,,
352,ST. MICHAEL'S PARK,2,0,1,3,1,2,1,10,-6.159485377,53.28592515,QUEENS       ,3.4,,
353,BREININGER PARK,2,0,1,3,1,2,1,10,-73.7289145,40.72581495,QUEENS       ,3.4,,
354,CO-OP CITY FIELD,2,0,1,3,1,2,1,10,,,BRONX        ,3.4,,
355,GREENWOOD PLAYGROUND,2,0,1,3,1,2,1,10,-73.97635283,40.65006935,BROOKLYN     ,3.39,,
356,ST. ANDREW'S PLAYGROUND,2,0,1,3,1,2,1,10,-71.47670615,42.7304442,BROOKLYN     ,3.38,,
357,SEWARD PARK,2,0,1,3,1,2,1,10,-73.98912651,40.71488705,MANHATTAN    ,3.361,,
358,BEHAGEN PLAYGROUND,2,0,1,3,1,2,1,10,-73.901424,40.82532305,BRONX        ,3.348,,
359,DUGAN PLAYGROUND,2,0,1,3,1,2,1,10,-74.11154451,40.5617714,STATEN ISLAND,3.333,,
360,EVERGREEN PARK,2,0,1,3,1,2,1,10,-87.7013258,41.720136,QUEENS       ,3.32,,
361,JOHN JAY PARK,2,0,1,3,1,2,1,10,-73.94954032,40.76926285,MANHATTAN    ,3.312,,
362,UNIVERSITY WOODS,2,0,1,3,1,2,1,10,-81.340727,41.1590427,BRONX        ,3.306,,
363,WATSON GLEASON PLAYGROUND,2,0,1,3,1,2,1,10,-73.86895895,40.82843375,BRONX        ,3.301,,
364,TOTTENVILLE POOL,2,0,1,3,1,2,1,10,,,STATEN ISLAND,3.259,,
365,VITO LOCASCIO FIELD,2,0,1,3,1,2,1,10,,,QUEENS       ,3.258,,
366,CALLAHAN-KELLY PLAYGROUND,2,0,1,3,1,2,1,10,,,BROOKLYN     ,3.253,,
367,JUDGE MOSES WEINSTEIN PLAYGROUND,2,0,1,3,1,2,1,10,-73.8205837,40.7180864,QUEENS       ,3.25,,
368,COLUMBUS PARK AT MANHATTAN,2,0,1,3,1,2,1,10,,,MANHATTAN    ,3.233,,
369,GREENCROFT PLAYGROUND,2,0,1,3,1,2,1,10,-74.13648863,40.5517135,STATEN ISLAND,3.23,,
370,SARATOGA PARK,2,0,1,3,1,2,1,10,-78.82895023,35.77599235,BROOKLYN     ,3.214,,
371,SCARANGELLA PARK,2,0,1,3,1,2,1,10,-73.98432701,40.5946841,BROOKLYN     ,3.214,,
372,BILL BROWN PLAYGROUND,2,0,1,3,1,2,1,10,-73.9457481,40.59255745,BROOKLYN     ,3.214,,
373,JAMAICA PLAYGROUND,2,0,1,3,1,2,1,10,-73.79117469,40.6934413,QUEENS       ,3.21,,
374,NOBLE PLAYGROUND,2,0,1,3,1,2,1,10,-73.87231971,40.8374094,BRONX        ,3.21,,
375,MARCY PLAYGROUND,2,0,1,3,1,2,1,10,-73.95062611,40.6956024,BROOKLYN     ,3.201,,
376,LYONS POOL,2,0,1,3,1,2,1,10,-96.4798155,41.9371628,STATEN ISLAND,3.195,,
377,WAYANDA PARK,2,0,1,3,1,2,1,10,-73.73908496,40.71068865,QUEENS       ,3.17,,
378,AMERICAN VETERANS MEMORIAL PIER,2,0,1,3,1,2,1,10,-74.03775687,40.6393763,BROOKLYN     ,3.169,,
379,HOLCOMBE RUCKER PARK,2,0,1,3,1,2,1,10,-73.93610977,40.82930295,MANHATTAN    ,3.125,,
380,JESSE OWENS PLAYGROUND,2,0,1,3,1,2,1,10,-73.93241814,40.6913234,BROOKLYN     ,3.1,,
381,EAST RIVER WALK,2,0,1,3,1,2,1,10,-0.8452852,53.7177948,MANHATTAN    ,3.089,,
382,PARK OF THE AMERICAS,2,0,1,3,1,2,1,10,-73.86190907,40.7485355,QUEENS       ,3.076,,
383,BROOKLYN HEIGHTS PROMENADE,2,0,1,3,1,2,1,10,-73.99738715,40.6973713,BROOKLYN     ,3.035,,
384,J.J. BYRNE PLAYGROUND,2,0,1,3,1,2,1,10,-73.98411819,40.6727774,BROOKLYN     ,3.03,,
385,HERO PARK,2,0,1,3,1,2,1,10,-74.08785606,40.63028085,STATEN ISLAND,3.024,,
386,NOSTRAND PLAYGROUND,2,0,1,3,1,2,1,10,-73.9468221,40.63780265,BROOKLYN     ,3.023,,
387,FORT INDEPENDENCE PLAYGROUND,2,0,1,3,1,2,1,10,-60.98798171,14.0061191,BRONX        ,3.02,,
388,BROWNSVILLE PLAYGROUND,2,0,1,3,1,2,1,10,-73.90202363,40.65657705,BROOKLYN     ,3.017,,
389,GRANDVIEW PLAYGROUND,2,0,1,3,1,2,1,10,-74.1647222,40.6305556,STATEN ISLAND,3.014,,
390,LAWRENCE VIRGILIO PLAYGROUND,2,0,1,3,1,2,1,10,-73.91051702,40.74741955,QUEENS       ,3.009,,
391,JACOB JOFFE FIELDS,2,0,1,3,1,2,1,10,,,BROOKLYN     ,2.984,,
392,CLASSON PLAYGROUND AT CLASSON AVENUE & KENT,2,0,1,3,1,2,1,10,,,BROOKLYN     ,2.982,,
393,UTOPIA PLAYGROUND,2,0,1,3,1,2,1,10,-73.79291151,40.73046625,QUEENS       ,2.98,,
394,BATH BEACH PARK,2,0,1,3,1,2,1,10,-74.00169021,40.5963063,BROOKLYN     ,2.964,,
395,GLEN OAKS OVAL,2,0,1,3,1,2,1,10,-73.7155936,40.749499,QUEENS       ,2.948,,
396,POSEIDON PLAYGROUND,2,0,1,3,1,2,1,10,,,BROOKLYN     ,2.944,,
397,MERRIAM PLAYGROUND,2,0,1,3,1,2,1,10,-73.9269444,40.8391667,BRONX        ,2.944,,
398,ROBERT E. VENABLE PARK,2,0,1,3,1,2,1,10,-73.86519866,40.67455995,BROOKLYN     ,2.939,,
399,LEFFERTS PLAYGROUND,2,0,1,3,1,2,1,10,-73.8210088,40.6655131,QUEENS       ,2.937,,
400,WALT WHITMAN PARK,2,0,1,3,1,2,1,10,-73.98936975,40.69821995,BROOKLYN     ,2.913,,
401,WESTERLEIGH PARK,2,0,1,3,1,2,1,10,-74.13445417,40.619824,STATEN ISLAND,2.889,,
402,PETERS FIELD,2,0,1,3,1,2,1,10,-73.77492905,40.70612745,QUEENS       ,2.872,,
403,DELPHIN H. GREENE PLAYGROUND,2,0,1,3,1,2,1,10,-73.72880645,40.6849176,QUEENS       ,2.861,,
404,HOFFMAN PARK,2,0,1,3,1,2,1,10,-73.87195345,40.7328138,QUEENS       ,2.857,,
405,MARKHAM PLAYGROUND,2,0,1,3,1,2,1,10,-74.1458333,40.6236111,STATEN ISLAND,2.836,,
406,SPERANDEO BROTHERS PLAYGROUND,2,0,1,3,1,2,1,10,,,BROOKLYN     ,2.799,,
407,BUSHWICK PLAYGROUND ON KNICKERBOCKER AVENUE,2,0,1,3,1,2,1,10,,,BROOKLYN     ,2.783,,
408,IRVING SQUARE PARK,2,0,1,3,1,2,1,10,-73.90920535,40.69246115,BROOKLYN     ,2.76,,
409,ST. VARTAN PARK,2,0,1,3,1,2,1,10,-73.97481705,40.74561855,MANHATTAN    ,2.759,,
410,RAVENSWOOD PLAYGROUND,2,0,1,3,1,2,1,10,-73.93556384,40.7625745,QUEENS       ,2.758,,
411,GORMAN PLAYGROUND,2,0,1,3,1,2,1,10,-73.88423637,40.76238795,QUEENS       ,2.755,,
412,LOUIS CUVILLIER PARK,2,0,1,3,1,2,1,10,,,MANHATTAN    ,2.752,,
413,GRACE PLAYGROUND,2,0,1,3,1,2,1,10,-73.8943681,40.67156135,BROOKLYN     ,2.744,,
414,GREEN CENTRAL KNOLL,2,0,1,3,1,2,1,10,-73.9329426,40.70168695,BROOKLYN     ,2.741,,
415,DETECTIVE WILLIAM T. GUNN PARK,2,0,1,3,1,2,1,10,-73.7315964,40.73197945,QUEENS       ,2.719,,
416,HOLY COW PLAYGROUND,2,0,1,3,1,2,1,10,-73.77674637,40.74133485,QUEENS       ,2.7,,
417,BAYSIDE FIELDS,2,0,1,3,1,2,1,10,-122.3581517,37.5917163,QUEENS       ,2.69,,
418,HICKMAN PLAYGROUND,2,0,1,3,1,2,1,10,-73.9133333,40.6202778,BROOKLYN     ,2.656,,
419,ARBUTUS WOODS PARK,2,0,1,3,1,2,1,10,-74.1853183,40.5286251,STATEN ISLAND,2.65,,
420,STARS & STRIPES PLAYGROUND,2,0,1,3,1,2,1,10,-73.8395727,40.88540605,BRONX        ,2.646,,
421,P.O. SERRANO PLAYGROUND,2,0,1,3,1,2,1,10,,,BRONX        ,2.618,,
422,COLEMAN PLAYGROUND,2,0,1,3,1,2,1,10,-73.99356535,40.71113785,MANHATTAN    ,2.61,,
423,MARGARET I. CARMAN GREEN - WEEPING BEECH,2,0,1,3,1,2,1,10,-73.82490337,40.76305005,QUEENS       ,2.6,,
424,KATHY REILLY TRIANGLE,2,0,1,3,1,2,1,10,-74.01797596,40.62515105,BROOKLYN     ,2.589,,
425,RIVERDALE PLAYGROUND,2,0,1,3,1,2,1,10,-73.91482182,40.887818,BRONX        ,2.58,,
426,MARIE CURIE PARK,2,0,1,3,1,2,1,10,-73.77127083,40.7571062,QUEENS       ,2.552,,
427,EDENWALD PLAYGROUND,2,0,1,3,1,2,1,10,-73.8447222,40.8841667,BRONX        ,2.537,,
428,THOMAS GREENE PLAYGROUND,2,0,1,3,1,2,1,10,-73.98524891,40.68027595,BROOKLYN     ,2.525,,
429,MURRAY PLAYGROUND,2,0,1,3,1,2,1,10,-73.81182498,40.7616608,QUEENS       ,2.524,,
430,BIG BUSH PARK,2,0,1,3,1,2,1,10,-73.90267553,40.7395273,QUEENS       ,2.5,,
431,BATHGATE PLAYGROUND,2,0,1,3,1,2,1,10,-73.894231,40.8527522,BRONX        ,2.5,,
432,JOSEPH RODMAN DRAKE PARK,2,0,1,3,1,2,1,10,-73.88250568,40.8103133,BRONX        ,2.49,,
433,INDEPENCE PARK SYLVAN GROVE CEMETERY,2,0,1,3,1,2,1,10,,,STATEN ISLAND,2.476,,
434,ALLEY PARK,2,0,1,3,1,2,1,10,-82.5809951,39.6881201,QUEENS       ,2.446,,
435,FREDERICK JOHNSON PLAYGROUND,2,0,1,3,1,2,1,10,,,MANHATTAN    ,2.445,,
436,DAMROSCH PARK,2,0,1,3,1,2,1,10,-73.98506998,40.7723164,MANHATTAN    ,2.443,,
437,ASSER LEVY PLAYGROUND,2,0,1,3,1,2,1,10,-73.97560428,40.73647225,MANHATTAN    ,2.436,,
438,HARRY MAZE PLAYGROUND,2,0,1,3,1,2,1,10,,,BROOKLYN     ,2.427,,
439,LOST BATTALION HALL RECREATION CENTER,2,0,1,3,1,2,1,10,-73.8655024,40.7318159,QUEENS       ,2.412,,
440,DUTCH KILLS PLAYGROUND,2,0,1,3,1,2,1,10,-73.93326017,40.7570419,QUEENS       ,2.4,,
441,KOSCIUSZKO POOL,2,0,1,3,1,2,1,10,-73.94934443,40.69127255,BROOKLYN     ,2.391,,
442,WEST PLAYGROUND,2,0,1,3,1,2,1,10,-73.97002888,40.5869833,BROOKLYN     ,2.387,,
443,HOMECREST PLAYGROUND,2,0,1,3,1,2,1,10,-73.95731015,40.58611335,BROOKLYN     ,2.372,,
444,DE MATTI PLAYGROUND,2,0,1,3,1,2,1,10,-74.07394792,40.61466185,STATEN ISLAND,2.335,,
445,POE PARK,2,0,1,3,1,2,1,10,-73.89453546,40.86491615,BRONX        ,2.331,,
446,OVERLOOK PARK,2,0,1,3,1,2,1,10,-92.3604311,34.7864802,QUEENS       ,2.327,,
447,BARUCH PLAYGROUND,2,0,1,3,1,2,1,10,-73.97669481,40.71759685,MANHATTAN    ,2.32,,
448,RAILROAD PLAYGROUND,2,0,1,3,1,2,1,10,-73.91429368,40.6494388,BROOKLYN     ,2.3,,
449,OSBORN PLAYGROUND,2,0,1,3,1,2,1,10,-73.9058333,40.6555556,BROOKLYN     ,2.3,,
450,FLOYD PATTERSON BALLFIELDS,2,0,1,3,1,2,1,10,-73.90409635,40.66090085,BROOKLYN     ,2.3,,
451,TRIBORO PLAZA,2,0,1,3,1,2,1,10,-71.30017,41.9701,MANHATTAN    ,2.3,,
452,POWER PLAYGROUND,2,0,1,3,1,2,1,10,-73.9272222,40.6183333,BROOKLYN     ,2.295,,
453,MONSIGNOR CRAWFORD FIELD,2,0,1,3,1,2,1,10,-73.9166667,40.6144444,BROOKLYN     ,2.291,,
454,MARTIN LUTHER KING JR. PLAYGROUND,2,0,1,3,1,2,1,10,-76.9650291,42.88006465,BROOKLYN     ,2.29,,
455,P.O. REINALDO SALGADO PLAYGROUND,2,0,1,3,1,2,1,10,,,BROOKLYN     ,2.289,,
456,CARLTON PARK AT CARLTON AVENUE & FOSTER ROAD,2,0,1,3,1,2,1,10,,,STATEN ISLAND,2.288,,
457,CENTURY PLAYGROUND,2,0,1,3,1,2,1,10,-92.98561412,44.94511565,BROOKLYN     ,2.282,,
458,SOUTH PACIFIC PLAYGROUND,2,0,1,3,1,2,1,10,-80.1197097,42.08091295,BROOKLYN     ,2.264,,
459,NORTH SHORE ESPLANADE,2,0,1,3,1,2,1,10,-74.07565586,40.6461609,STATEN ISLAND,2.252,,
460,FOX PLAYGROUND BROOKLYN,2,0,1,3,1,2,1,10,-73.92396601,40.6323987,BROOKLYN     ,2.25,,
461,VLEIGH PLAYGROUND,2,0,1,3,1,2,1,10,-73.8164698,40.72988075,QUEENS       ,2.243,,
462,LAREDO AVENUE PARCEL,2,0,1,3,1,2,1,10,-74.17406276,40.548302,STATEN ISLAND,2.223,,
463,FREDERICK B. JUDGE PLAYGROUND,2,0,1,3,1,2,1,10,-73.80798344,40.68290955,QUEENS       ,2.217,,
464,BELMONT PLAYGROUND BRONX,2,0,1,3,1,2,1,10,-73.88773435,40.8502595,BRONX        ,2.213,,
465,MAHONEY PLAYGROUND,2,0,1,3,1,2,1,10,-74.0858333,40.6433333,STATEN ISLAND,2.21,,
466,ANCHORAGE PLAZA,2,0,1,3,1,2,1,10,-73.99014005,40.70120155,BROOKLYN     ,2.2,,
467,ASTORIA HEIGHTS PLAYGROUND,2,0,1,3,1,2,1,10,-73.91178874,40.76035615,QUEENS       ,2.2,,
468,HOYT PLAYGROUND,2,0,1,3,1,2,1,10,-73.91720937,40.7716202,QUEENS       ,2.2,,
469,LORETO PLAYGROUND,2,0,1,3,1,2,1,10,-73.8522222,40.8491667,BRONX        ,2.181,,
470,HARDING PARK,2,0,1,3,1,2,1,10,-73.85672885,40.8100174,BRONX        ,2.16,,
471,WASHINGTON MARKET PARK,2,0,1,3,1,2,1,10,-74.01152813,40.7169464,MANHATTAN    ,2.15,,
472,VIDALIA PARK,2,0,1,3,1,2,1,10,-73.88128078,40.8437147,BRONX        ,2.136,,
473,UNNAMED PARK ON E 122ND STREET,2,0,1,3,1,2,1,10,,,MANHATTAN    ,2.13,,
474,BRIDGE PARK BROOKLYN,2,0,1,3,1,2,1,10,-73.99919421,40.6979098,BROOKLYN     ,2.117,,
475,HAMILTON METZ FIELD,2,0,1,3,1,2,1,10,-73.9409689,40.66245335,BROOKLYN     ,2.112,,
476,CARDOZO PLAYGROUND,2,0,1,3,1,2,1,10,-73.78658782,40.593242,QUEENS       ,2.096,,
477,CENTREVILLE PLAYGROUND,2,0,1,3,1,2,1,10,-73.83910377,40.67033445,QUEENS       ,2.095,,
478,REDFERN PLAYGROUND,2,0,1,3,1,2,1,10,-73.74935184,40.6113149,QUEENS       ,2.093,,
479,SHEEPSHEAD PLAYGROUND,2,0,1,3,1,2,1,10,-73.94025276,40.58888965,BROOKLYN     ,2.087,,
480,STORY PLAYGROUND,2,0,1,3,1,2,1,10,-73.8630556,40.8230556,BRONX        ,2.075,,
481,SAKURA PARK,2,0,1,3,1,2,1,10,-73.96215658,40.8129803,MANHATTAN    ,2.067,,
482,LINNAEUS PARK,2,0,1,3,1,2,1,10,,,QUEENS       ,2.066,,
483,CASTLEWOOD PLAYGROUND,2,0,1,3,1,2,1,10,-73.72235774,40.7493181,QUEENS       ,2.059,,
484,SKYLINE PLAYGROUND,2,0,1,3,1,2,1,10,-74.08984964,40.6394838,STATEN ISLAND,2.057,,
485,CLOVE'S TAIL,2,0,1,3,1,2,1,10,-74.11379992,40.6132194,STATEN ISLAND,2.056,,
486,DANIEL M. O'CONNELL PLAYGROUND,2,0,1,3,1,2,1,10,-73.75812056,40.69988465,QUEENS       ,2.043,,
487,CHALLENGE PLAYGROUND,2,0,1,3,1,2,1,10,-73.7280556,40.7566667,QUEENS       ,2.035,,
488,TORSNEY PLAYGROUND,2,0,1,3,1,2,1,10,-73.92186368,40.74733935,QUEENS       ,2.027,,
489,LOCUST MANOR PLAYGROUND,2,0,1,3,1,2,1,10,-73.7563889,40.6861111,QUEENS       ,2.003,,
490,PLAYGROUND ONE THIRTY FOUR CXXXIV,2,0,1,3,1,2,1,10,,,BRONX        ,2,,
491,FULTON PARK,2,0,1,3,1,2,1,10,-73.93226541,40.67991755,BROOKLYN     ,1.987,,
492,ANDREW HASWELL GREEN PARK,2,0,1,3,1,2,1,10,-73.95753595,40.75958315,MANHATTAN    ,1.984,,
493,MOORE HOMESTEAD PLAYGROUND,2,0,1,3,1,2,1,10,-73.88244497,40.7422735,QUEENS       ,1.978,,
494,MCLAUGHLIN PARK,2,0,1,3,1,2,1,10,-113.9322198,53.5481663,BROOKLYN     ,1.976,,
495,COLONEL DAVID MARCUS PLAYGROUND,2,0,1,3,1,2,1,10,-73.96867293,40.6102105,BROOKLYN     ,1.974,,
496,SUMNER PLAYGROUND,2,0,1,3,1,2,1,10,-73.9424986,40.6972938,BROOKLYN     ,1.97,,
497,ROSEMARY'S PLAYGROUND,2,0,1,3,1,2,1,10,-73.90395416,40.7047382,QUEENS       ,1.967,,
498,SAUL WEPRIN PLAYGROUND,2,0,1,3,1,2,1,10,-73.77645308,40.7481794,QUEENS       ,1.964,,
499,FREDERICK DOUGLASS PLAYGROUND,2,0,1,3,1,2,1,10,,,MANHATTAN    ,1.945,,
500,UNNAMED PARK ON HEMPSTEAD AVENUE,2,0,1,3,1,2,1,10,,,QUEENS       ,1.94,,
501,BRIDGE PARK 3,2,0,1,3,1,2,1,10,-73.98564599,40.70026755,BROOKLYN     ,1.934,,
502,THE PAINTER'S PLAYGROUND,2,0,1,3,1,2,1,10,-73.86011538,40.7205638,QUEENS       ,1.932,,
503,ROBERTO CLEMENTE BALLFIELD,2,0,1,3,1,2,1,10,-73.96768304,40.7064474,BROOKLYN     ,1.93,,
504,TERRACE PLAYGROUND,2,0,1,3,1,2,1,10,-74.09854716,40.6136398,STATEN ISLAND,1.922,,
505,TRAVERS PARK,2,0,1,3,1,2,1,10,-73.88925665,40.75398045,QUEENS       ,1.919,,
506,BUFANO PARK,2,0,1,3,1,2,1,10,,,BRONX        ,1.904,,
507,DIMATTINA PLAYGROUND,2,0,1,3,1,2,1,10,-74.00271141,40.6799059,BROOKLYN     ,1.9,,
508,HERMAN DOLGON PLAYGROUND,2,0,1,3,1,2,1,10,-73.94,40.59810435,BROOKLYN     ,1.894,,
509,GORMAN PARK,2,0,1,3,1,2,1,10,-93.96327248,44.3247281,MANHATTAN    ,1.89,,
510,WILLIS PLAYGROUND,2,0,1,3,1,2,1,10,-73.9236111,40.8108333,BRONX        ,1.882,,
511,WEST BRONX RECREATION CENTER,2,0,1,3,1,2,1,10,,,BRONX        ,1.88,,
512,THOMAS PAINE PARK,2,0,1,3,1,2,1,10,-74.0027605,40.7147504,MANHATTAN    ,1.875,,
513,CARROLL PARK,2,0,1,3,1,2,1,10,-73.9956137,40.68113435,BROOKLYN     ,1.874,,
514,COLGATE CLOSE,2,0,1,3,1,2,1,10,-0.1047451,50.8273138,BRONX        ,1.871,,
515,LONDON PLANETREE PLAYGROUND,2,0,1,3,1,2,1,10,,,QUEENS       ,1.837,,
516,SUTTER BALLFIELDS,2,0,1,3,1,2,1,10,,,BROOKLYN     ,1.836,,
517,TAAFFE PLAYGROUND,2,0,1,3,1,2,1,10,-73.9607901,40.69562385,BROOKLYN     ,1.821,,
518,GIVAN SQUARE,2,0,1,3,1,2,1,10,,,BRONX        ,1.82,,
519,THOMAS BOYLAND PARK,2,0,1,3,1,2,1,10,,,BROOKLYN     ,1.82,,
520,HAROLD ICKES PLAYGROUND,2,0,1,3,1,2,1,10,-74.00607062,40.68286155,BROOKLYN     ,1.816,,
521,REV J POLITE PLAYGROUND,2,0,1,3,1,2,1,10,,,BRONX        ,1.815,,
522,MAPES BALLFIELD,2,0,1,3,1,2,1,10,-73.88581223,40.8472241,BRONX        ,1.806,,
523,MIDLAND MALLS,2,0,1,3,1,2,1,10,-73.78246389,40.71323965,QUEENS       ,1.803,,
524,CEDAR PLAYGROUND,2,0,1,3,1,2,1,10,-73.91734556,40.85523395,BRONX        ,1.8,,
525,BENNETT PARK,2,0,1,3,1,2,1,10,-73.9380544,40.85301675,MANHATTAN    ,1.8,,
526,CONCH PLAYGROUND,2,0,1,3,1,2,1,10,-73.78077783,40.5960509,QUEENS       ,1.8,,
527,RAYMOND BUSH PLAYGROUND,2,0,1,3,1,2,1,10,,,BROOKLYN     ,1.795,,
528,PLAYGROUND 52 LII,2,0,1,3,1,2,1,10,,,BRONX        ,1.793,,
529,DR. GREEN PLAYGROUND,2,0,1,3,1,2,1,10,-2.902460986,53.4105266,BROOKLYN     ,1.791,,
530,BRUST PARK,2,0,1,3,1,2,1,10,-73.9036111,40.8897222,BRONX        ,1.79,,
531,LAURELTON PLAYGROUND,2,0,1,3,1,2,1,10,-73.7361294,40.6705507,QUEENS       ,1.785,,
532,MANOR PARK,2,0,1,3,1,2,1,10,0.0476391,51.5506867,STATEN ISLAND,1.78,,
533,SIMEONE PARK,2,0,1,3,1,2,1,10,,,QUEENS       ,1.78,,
534,TAPPEN PARK,2,0,1,3,1,2,1,10,-74.07684955,40.62681635,STATEN ISLAND,1.777,,
535,LUNA PARK,2,0,1,3,1,2,1,10,-58.36868972,-34.6024261,BROOKLYN     ,1.76,,
536,ALFRED E. SMITH PLAYGROUND,2,0,1,3,1,2,1,10,-73.99742016,40.71060985,MANHATTAN    ,1.75,,
537,ELECTRIC PLAYGROUND,2,0,1,3,1,2,1,10,-73.80534062,40.73602435,QUEENS       ,1.749,,
538,YELLOWSTONE PARK,2,0,1,3,1,2,1,10,-95.36294797,29.6933376,QUEENS       ,1.745,,
539,CORONA GOLF PLAYGROUND,2,0,1,3,1,2,1,10,-73.85458909,40.7475794,QUEENS       ,1.722,,
540,WILSON PLAYGROUND,2,0,1,3,1,2,1,10,-73.8947222,40.6425,BROOKLYN     ,1.721,,
541,NORTHERN PLAYGROUND,2,0,1,3,1,2,1,10,-73.87456958,40.7560498,QUEENS       ,1.719,,
542,BARTEL-PRITCHARD SQUARE,2,0,1,3,1,2,1,10,-73.97986752,40.660999,BROOKLYN     ,1.711,,
543,DOUGHBOY PLAZA,2,0,1,3,1,2,1,10,-73.90917461,40.7466012,QUEENS       ,1.71,,
544,CASTLE HILL LITTLE LEAGUE FIELD,2,0,1,3,1,2,1,10,,,BRONX        ,1.707,,
545,GRAND FERRY PARK,2,0,1,3,1,2,1,10,-73.966931,40.7166488,BROOKLYN     ,1.7,,
546,HAPPY WARRIOR PLAYGROUND,2,0,1,3,1,2,1,10,-73.9687173,40.7953895,MANHATTAN    ,1.7,,
547,ALLEN MALL ONE,2,0,1,3,1,2,1,10,120.6036519,16.41331115,MANHATTAN    ,1.698,,
548,PLAYGROUND ONE TWENTY FIVE CXXV,2,0,1,3,1,2,1,10,,,MANHATTAN    ,1.691,,
549,STAR SPANGLED PLAYGROUND,2,0,1,3,1,2,1,10,-73.95788629,40.69156575,BROOKLYN     ,1.687,,
550,PATTERSON PLAYGROUND,2,0,1,3,1,2,1,10,-73.92204005,40.8157936,BRONX        ,1.683,,
551,MOUNT EDEN MALLS,2,0,1,3,1,2,1,10,,,BRONX        ,1.682,,
552,MIDLAND PLAYGROUND,2,0,1,3,1,2,1,10,-80.4441381,40.6365432,STATEN ISLAND,1.681,,
553,ADAM CLAYTON POWELL JR. MALLS,2,0,1,3,1,2,1,10,,,MANHATTAN    ,1.679,,
554,BANNEKER PLAYGROUND,2,0,1,3,1,2,1,10,-73.9488889,40.6902778,BROOKLYN     ,1.67,,
555,JAMES J WALKER PARK,2,0,1,3,1,2,1,10,-74.00630705,40.72974205,MANHATTAN    ,1.67,,
556,WHITESTONE PLAYGROUND,2,0,1,3,1,2,1,10,-73.80835337,40.79202455,QUEENS       ,1.662,,
557,EQUITY PARK,2,0,1,3,1,2,1,10,-73.8536111,40.6913889,QUEENS       ,1.657,,
558,THURSBY BASIN PARK,2,0,1,3,1,2,1,10,-73.79175876,40.59561705,QUEENS       ,1.657,,
559,BELL MALLS,2,0,1,3,1,2,1,10,-73.76675399,40.75470775,QUEENS       ,1.652,,
560,LEIF ERICSON FIELDS,2,0,1,3,1,2,1,10,,,BROOKLYN     ,1.65,,
561,NEHEMIAH PARK,2,0,1,3,1,2,1,10,-73.90564404,40.6622201,BROOKLYN     ,1.648,,
562,MARBLE HILL PLAYGROUND,2,0,1,3,1,2,1,10,-73.90817755,40.87741155,BRONX        ,1.646,,
563,WAGNER HOUSES POOL,2,0,1,3,1,2,1,10,,,MANHATTAN    ,1.64,,
564,HARLEM LANE PLAYGROUND,2,0,1,3,1,2,1,10,-73.93479501,40.82559025,MANHATTAN    ,1.635,,
565,CROWLEY PLAYGROUND,2,0,1,3,1,2,1,10,-73.87962312,40.72953655,QUEENS       ,1.633,,
566,BURNS PLAYGROUND,2,0,1,3,1,2,1,10,-73.83658167,40.8629442,BRONX        ,1.623,,
567,100% PLAYGROUND,2,0,1,3,1,2,1,10,-72.67704275,44.99348558,BROOKLYN     ,1.616,,
568,JACKIE ROBINSON PARK BROOKLYN,2,0,1,3,1,2,1,10,-73.92767604,40.6802024,BROOKLYN     ,1.607,,
569,IDA COURT,2,0,1,3,1,2,1,10,-87.9461287,42.038213,STATEN ISLAND,1.6,,
570,JENNIFER'S PLAYGROUND,2,0,1,3,1,2,1,10,-74.1630714,40.6200513,STATEN ISLAND,1.6,,
571,REAL GOOD PARK,2,0,1,3,1,2,1,10,-73.85734033,40.7355614,QUEENS       ,1.598,,
572,ALLERTON PLAYGROUND,2,0,1,3,1,2,1,10,-70.96282034,42.26279785,BRONX        ,1.597,,
573,OCEAN HILL PLAYGROUND,2,0,1,3,1,2,1,10,-73.91218126,40.67437265,BROOKLYN     ,1.595,,
574,BELLEVUE SOUTH PARK,2,0,1,3,1,2,1,10,-73.97805142,40.74003965,MANHATTAN    ,1.593,,
575,MAZZEI PLAYGROUND,2,0,1,3,1,2,1,10,-73.85819245,40.86252265,BRONX        ,1.59,,
576,DAG HAMMARSKJOLD PLAZA,2,0,1,3,1,2,1,10,-73.96887208,40.7523699,MANHATTAN    ,1.59,,
577,KOLBERT PLAYGROUND,2,0,1,3,1,2,1,10,-73.95796651,40.619955,BROOKLYN     ,1.581,,
578,POOR RICHARD'S PLAYGROUND,2,0,1,3,1,2,1,10,-73.94295424,40.7926604,MANHATTAN    ,1.58,,
579,OLMSTED-BEIL HOUSE PARK,2,0,1,3,1,2,1,10,-74.15794156,40.5319673,STATEN ISLAND,1.58,,
580,JOAN OF ARC PARK,2,0,1,3,1,2,1,10,-73.9765237,40.79426485,MANHATTAN    ,1.578,,
581,TAYLOR PLAYGROUND,2,0,1,3,1,2,1,10,-85.7032737,38.2037088,BRONX        ,1.578,,
582,HARMONY PARK,2,0,1,3,1,2,1,10,20.99519209,52.16060415,BROOKLYN     ,1.56,,
583,BRIARWOOD PLAYGROUND,2,0,1,3,1,2,1,10,-73.8112112,40.7104843,QUEENS       ,1.558,,
584,CLINTONVILLE PLAYGROUND,2,0,1,3,1,2,1,10,-73.8078348,40.78328415,QUEENS       ,1.553,,
585,FLATBUSH MALLS,2,0,1,3,1,2,1,10,,,BROOKLYN     ,1.55,,
586,WASHINGTON PARK BROOKLYN,2,0,1,3,1,2,1,10,-73.98503053,40.67321605,BROOKLYN     ,1.549,,
587,JOHN HANCOCK PLAYGROUND,2,0,1,3,1,2,1,10,-73.9542798,40.6825137,BROOKLYN     ,1.547,,
588,FRANK D. O'CONNOR PLAYGROUND,2,0,1,3,1,2,1,10,-73.88675419,40.7443932,QUEENS       ,1.537,,
589,OLD TOWN PLAYGROUND,2,0,1,3,1,2,1,10,-76.92820408,38.9806071,STATEN ISLAND,1.534,,
590,HUGUENOT PONDS PARK,2,0,1,3,1,2,1,10,-74.18962936,40.5298593,STATEN ISLAND,1.53,,
591,REIFF PLAYGROUND,2,0,1,3,1,2,1,10,-73.90174263,40.7185114,QUEENS       ,1.529,,
592,RUSSELL SAGE PLAYGROUND,2,0,1,3,1,2,1,10,-73.85149903,40.7237171,QUEENS       ,1.526,,
593,ROGER MORRIS PARK,2,0,1,3,1,2,1,10,-73.9383868,40.83466385,MANHATTAN    ,1.524,,
594,BROAD CHANNEL PARK,2,0,1,3,1,2,1,10,-73.81973265,40.60094775,QUEENS       ,1.52,,
595,SPUYTEN DUYVIL PLAYGROUND,2,0,1,3,1,2,1,10,-73.91606086,40.8871711,BRONX        ,1.51,,
596,JOHN ALLEN PAYNE PARK,2,0,1,3,1,2,1,10,-74.02381474,40.6399121,BROOKLYN     ,1.51,,
597,BULOVA PARK,2,0,1,3,1,2,1,10,-73.89225952,40.76318205,QUEENS       ,1.502,,
598,GOLCONDA PLAYGROUND,2,0,1,3,1,2,1,10,-73.9825558,40.6979139,BROOKLYN     ,1.5,,
599,MAPLE GROVE PARK,2,0,1,3,1,2,1,10,-75.9685484,40.2103716,QUEENS       ,1.5,,
600,DECATUR PLAYGROUND,2,0,1,3,1,2,1,10,-73.9366667,40.6813889,BROOKLYN     ,1.5,,
601,DRY DOCK PLAYGROUND,2,0,1,3,1,2,1,10,-73.97548315,40.7254397,MANHATTAN    ,1.5,,
602,UNNAMED PARK ON RIVERSIDE DRIVE,2,0,1,3,1,2,1,10,,,MANHATTAN    ,1.494,,
603,MARX BROTHERS PLAYGROUND,2,0,1,3,1,2,1,10,-73.94596846,40.7842912,MANHATTAN    ,1.486,,
604,BREVOORT PLAYGROUND,2,0,1,3,1,2,1,10,-73.92273783,40.6804333,BROOKLYN     ,1.485,,
605,PLAYGROUND SIXTY TWO LXII,2,0,1,3,1,2,1,10,,,QUEENS       ,1.48,,
606,TALL OAK PLAYGROUND,2,0,1,3,1,2,1,10,-73.75813762,40.74595745,QUEENS       ,1.48,,
607,FRONTERA PARK,2,0,1,3,1,2,1,10,-73.89548802,40.7243936,QUEENS       ,1.47,,
608,COLDEN PLAYGROUND,2,0,1,3,1,2,1,10,-73.82725159,40.7702972,QUEENS       ,1.466,,
609,LUTHER GULICK PLAYGROUND,2,0,1,3,1,2,1,10,-73.98187569,40.71587525,MANHATTAN    ,1.451,,
610,PULASKI PARK,2,0,1,3,1,2,1,10,-87.66330503,41.90612025,BRONX        ,1.45,,
611,BOOKER T. WASHINGTON PLAYGROUND,2,0,1,3,1,2,1,10,-73.96363645,40.80099145,MANHATTAN    ,1.441,,
612,DUNBAR PLAYGROUND,2,0,1,3,1,2,1,10,-73.90646158,40.8230351,BRONX        ,1.44,,
613,PLAYGROUND TWENTY ONE,2,0,1,3,1,2,1,10,-73.79852988,40.77820915,QUEENS       ,1.439,,
614,PROSPECT PLAYGROUND,2,0,1,3,1,2,1,10,-73.89063955,40.8429896,BRONX        ,1.438,,
615,WOODS PLAYGROUND,2,0,1,3,1,2,1,10,-71.19763085,42.42228515,BROOKLYN     ,1.438,,
616,GLENWOOD PLAYGROUND,2,0,1,3,1,2,1,10,-73.9198619,40.636739,BROOKLYN     ,1.43,,
617,SHELTERING ARMS PLAYGROUND,2,0,1,3,1,2,1,10,,,MANHATTAN    ,1.43,,
618,ALMEDA PLAYGROUND,2,0,1,3,1,2,1,10,-73.79454352,40.59358695,QUEENS       ,1.43,,
619,GAETA PARK,2,0,1,3,1,2,1,10,,,STATEN ISLAND,1.43,,
620,MALL FORTY TWO XLII,2,0,1,3,1,2,1,10,,,QUEENS       ,1.429,,
621,NORELLI-HARGREAVES PLAYGROUND,2,0,1,3,1,2,1,10,-73.8090155,40.690511,QUEENS       ,1.427,,
622,PULASKI PLAYGROUND,2,0,1,3,1,2,1,10,-87.32431525,41.5861193,BROOKLYN     ,1.416,,
623,BILDERSEE PLAYGROUND,2,0,1,3,1,2,1,10,-73.9119444,40.6361111,BROOKLYN     ,1.416,,
624,MACDONALD PARK,2,0,1,3,1,2,1,10,138.6407608,-34.6700071,QUEENS       ,1.415,,
625,OWEN F. DOLEN PARK,2,0,1,3,1,2,1,10,,,BRONX        ,1.4,,
626,VAN DYKE PLAYGROUND,2,0,1,3,1,2,1,10,-73.9041667,40.6644444,BROOKLYN     ,1.398,,
627,WILLIAMSBRIDGE SQUARE,2,0,1,3,1,2,1,10,-73.8440825,40.8422552,BRONX        ,1.395,,
628,PEOPLE'S PARK,2,0,1,3,1,2,1,10,-122.2571629,37.86586155,BRONX        ,1.394,,
629,DOME PLAYGROUND,2,0,1,3,1,2,1,10,-73.97993478,40.6379483,BROOKLYN     ,1.385,,
630,RUSSELL PEDERSEN PLAYGROUND,2,0,1,3,1,2,1,10,,,BROOKLYN     ,1.384,,
631,ST. CATHERINE'S PARK,2,0,1,3,1,2,1,10,-6.478298638,53.36634595,MANHATTAN    ,1.383,,
632,HOWARD VON DOHLEN PLAYGROUND,2,0,1,3,1,2,1,10,-73.81298594,40.69944855,QUEENS       ,1.381,,
633,HAVEN AVENUE,2,0,1,3,1,2,1,10,-117.5758075,34.0027358,MANHATTAN    ,1.38,,
634,NAUTILUS PLAYGROUND BROOKLYN,2,0,1,3,1,2,1,10,,,BROOKLYN     ,1.38,,
635,ARCILLA PLAYGROUND,2,0,1,3,1,2,1,10,-73.91428682,40.82709325,BRONX        ,1.377,,
636,LIEUTENANT JOHN H. MARTINSON PLAYGROUND,2,0,1,3,1,2,1,10,,,STATEN ISLAND,1.375,,
637,FOUNTAIN OF YOUTH PLAYGROUND,2,0,1,3,1,2,1,10,-73.9055556,40.8136111,BRONX        ,1.375,,
638,MARTINEZ PLAYGROUND,2,0,1,3,1,2,1,10,-73.94436608,40.70911135,BROOKLYN     ,1.373,,
639,HILLSIDE PARK BROOKLYN,2,0,1,3,1,2,1,10,-73.99431425,40.7014288,BROOKLYN     ,1.371,,
640,PLAYGROUND ONE FORTY,2,0,1,3,1,2,1,10,-73.80124368,40.67520155,QUEENS       ,1.37,,
641,LT. LIA PLAYGROUND,2,0,1,3,1,2,1,10,,,STATEN ISLAND,1.37,,
642,CRACK IS WACK PLAYGROUND,2,0,1,3,1,2,1,10,-73.9318857,40.8045318,MANHATTAN    ,1.369,,
643,CASTLE HILL PLAYGROUND,2,0,1,3,1,2,1,10,-73.84955801,40.81954455,BRONX        ,1.368,,
644,HOPE BALLFIELD,2,0,1,3,1,2,1,10,-73.91714456,40.6974971,BROOKLYN     ,1.363,,
645,ADAM YAUCH PARK,2,0,1,3,1,2,1,10,-73.99873598,40.6918314,BROOKLYN     ,1.363,,
646,DR. RONALD MCNAIR PARK,2,0,1,3,1,2,1,10,-73.96200183,40.67044175,BROOKLYN     ,1.361,,
647,ADMIRAL FARRAGUT PLAYGROUND,2,0,1,3,1,2,1,10,-73.8916667,40.8427778,BRONX        ,1.359,,
648,MCDONALD PLAYGROUND STATEN ISLAND,2,0,1,3,1,2,1,10,-74.11533639,40.629596,STATEN ISLAND,1.352,,
649,UNNAMED PARK ON VANDALIA AVENUE,2,0,1,3,1,2,1,10,,,BROOKLYN     ,1.351,,
650,FRESH MEADOWS PLAYGROUND,2,0,1,3,1,2,1,10,-73.79618035,40.7341203,QUEENS       ,1.35,,
651,PLAYGROUND EIGHTY LXXX,2,0,1,3,1,2,1,10,,,QUEENS       ,1.35,,
652,PRINTER'S PARK,2,0,1,3,1,2,1,10,,,BRONX        ,1.341,,
653,RENAISSANCE PLAYGROUND,2,0,1,3,1,2,1,10,-73.94172386,40.82131365,MANHATTAN    ,1.34,,
654,CLASSON PLAYGROUND AT CLASSON AVENUE & LAFAYETTE AVENUE,2,0,1,3,1,2,1,10,,,BROOKLYN     ,1.336,,
655,REMSEN PLAYGROUND,2,0,1,3,1,2,1,10,-73.9077778,40.6422222,BROOKLYN     ,1.333,,
656,MARC AND JASON'S PLAYGROUND,2,0,1,3,1,2,1,10,-73.95000876,40.66367975,BROOKLYN     ,1.326,,
657,VETERANS PARK STATEN ISLAND,2,0,1,3,1,2,1,10,-74.29903647,40.65557535,STATEN ISLAND,1.324,,
658,LYONS SQUARE PLAYGROUND,2,0,1,3,1,2,1,10,-73.88805565,40.82289325,BRONX        ,1.322,,
659,AGNES HAYWOOD PLAYGROUND,2,0,1,3,1,2,1,10,-73.8616667,40.8802778,BRONX        ,1.32,,
660,MARION HOPKINSON PLAYGROUND,2,0,1,3,1,2,1,10,-73.91321247,40.6817781,BROOKLYN     ,1.32,,
661,AMPERE PLAYGROUND,2,0,1,3,1,2,1,10,-73.8569444,40.6816667,QUEENS       ,1.318,,
662,POTOMAC PLAYGROUND,2,0,1,3,1,2,1,10,-73.94429965,40.68206865,BROOKLYN     ,1.315,,
663,DETECTIVE JOSEPH MAYROSE PARK,2,0,1,3,1,2,1,10,-73.98783294,40.66154405,BROOKLYN     ,1.314,,
664,PAUL RAIMONDA PLAYGROUND,2,0,1,3,1,2,1,10,-73.89742587,40.7728211,QUEENS       ,1.31,,
665,PRALL PLAYGROUND,2,0,1,3,1,2,1,10,-74.1182959,40.62841325,STATEN ISLAND,1.307,,
666,HORACE HARDING PLAYGROUND,2,0,1,3,1,2,1,10,-73.86054431,40.73325165,QUEENS       ,1.304,,
667,DEAN PLAYGROUND,2,0,1,3,1,2,1,10,-73.97316205,40.6808671,BROOKLYN     ,1.3,,
668,SEVEN GABLES PLAYGROUND,2,0,1,3,1,2,1,10,-73.76647565,40.7442735,QUEENS       ,1.297,,
669,TRIBOROUGH BRIDGE PLAYGROUND B,2,0,1,3,1,2,1,10,-73.92304625,40.7745324,QUEENS       ,1.295,,
670,LITTLE FLOWER PLAYGROUND,2,0,1,3,1,2,1,10,-90.1148488,29.9706131,MANHATTAN    ,1.294,,
671,DONGAN PLAYGROUND,2,0,1,3,1,2,1,10,-74.08920143,40.58248185,STATEN ISLAND,1.293,,
672,BUSHWICK PLAYGROUND ON FLUSHING AVENUE,2,0,1,3,1,2,1,10,,,BROOKLYN     ,1.29,,
673,EAST RIVER PLAYGROUND,2,0,1,3,1,2,1,10,-73.93922337,40.78690755,MANHATTAN    ,1.285,,
674,SAMUEL H. YOUNG PARK,2,0,1,3,1,2,1,10,-73.8386111,40.8416667,BRONX        ,1.285,,
675,SPACE TIME PLAYGROUND,2,0,1,3,1,2,1,10,-73.86,40.8222222,BRONX        ,1.28,,
676,BOWNE PLAYGROUND,2,0,1,3,1,2,1,10,-73.82480743,40.758242,QUEENS       ,1.28,,
677,RUDD PLAYGROUND,2,0,1,3,1,2,1,10,-73.90542773,40.68350925,BROOKLYN     ,1.278,,
678,WILLOW LAKE PLAYGROUND,2,0,1,3,1,2,1,10,-73.8372231,40.7228637,QUEENS       ,1.277,,
679,MURPHY'S BROTHER'S PLAYGROUND,2,0,1,3,1,2,1,10,,,MANHATTAN    ,1.275,,
680,COONEY GRAUER FIELD,2,0,1,3,1,2,1,10,,,BRONX        ,1.274,,
681,WAGNER PLAYGROUND,2,0,1,3,1,2,1,10,-73.93487687,40.7997949,MANHATTAN    ,1.27,,
682,EMERALD PLAYGROUND,2,0,1,3,1,2,1,10,-73.80596812,40.73111685,QUEENS       ,1.265,,
683,PELHAM BAY LITTLE LEAGUE,2,0,1,3,1,2,1,10,,,BRONX        ,1.26,,
684,CHARLIE'S PLACE,2,0,1,3,1,2,1,10,-73.94627156,40.6992251,BROOKLYN     ,1.26,,
685,GREENE PLAYGROUND,2,0,1,3,1,2,1,10,-83.19256837,42.3612015,BROOKLYN     ,1.259,,
686,TANAHEY PLAYGROUND,2,0,1,3,1,2,1,10,-73.99578551,40.7099996,MANHATTAN    ,1.254,,
687,ALBERT J. PARHAM PLAYGROUND,2,0,1,3,1,2,1,10,,,BROOKLYN     ,1.253,,
688,PARKSIDE PLAYGROUND BROOKLYN,2,0,1,3,1,2,1,10,-73.95433068,40.65660875,BROOKLYN     ,1.252,,
689,CARLTON PARK AT CARLTON BOULEVARD & CROWN AVENUE,2,0,1,3,1,2,1,10,,,STATEN ISLAND,1.25,,
690,PLAYGROUND NINETY,2,0,1,3,1,2,1,10,-73.87858154,40.7573284,QUEENS       ,1.25,,
691,NEPTUNE PLAYGROUND,2,0,1,3,1,2,1,10,-89.66943102,36.1739032,BROOKLYN     ,1.243,,
692,ANNUNCIATION PARK,2,0,1,3,1,2,1,10,-73.9522222,40.8183333,MANHATTAN    ,1.24,,
693,HECKSCHER PLAYGROUND,2,0,1,3,1,2,1,10,-73.9182946,40.69512725,BROOKLYN     ,1.24,,
694,GRASSMERE PLAYGROUND,2,0,1,3,1,2,1,10,-73.7590533,40.5994546,QUEENS       ,1.239,,
695,QUEENSBORO OVAL,2,0,1,3,1,2,1,10,,,MANHATTAN    ,1.239,,
696,GONZALO PLASENCIA PLAYGROUND,2,0,1,3,1,2,1,10,,,BROOKLYN     ,1.236,,
697,FRESH MEADOWS PARK,2,0,1,3,1,2,1,10,-73.78506601,40.7408872,QUEENS       ,1.23,,
698,RIENZI PLAYGROUND,2,0,1,3,1,2,1,10,-73.8586111,40.8875,BRONX        ,1.23,,
699,ROEBLING PLAYGROUND,2,0,1,3,1,2,1,10,-73.96194377,40.706288,BROOKLYN     ,1.23,,
700,PATRICK O'ROURKE PARK,2,0,1,3,1,2,1,10,,,BROOKLYN     ,1.23,,
701,HOWARD BENNETT PLAYGROUND,2,0,1,3,1,2,1,10,-73.93863505,40.81363785,MANHATTAN    ,1.228,,
702,STANLEY ISAACS PLAYGROUND,2,0,1,3,1,2,1,10,-73.94460284,40.78275795,MANHATTAN    ,1.227,,
703,CHAPPETTO SQUARE,2,0,1,3,1,2,1,10,-73.92245306,40.775119,QUEENS       ,1.226,,
704,BRIGHTON PLAYGROUND,2,0,1,3,1,2,1,10,-73.96540368,40.57509785,BROOKLYN     ,1.225,,
705,NELSON PLAYGROUND,2,0,1,3,1,2,1,10,-75.13817294,39.9891992,BRONX        ,1.222,,
706,SHEEPSHEAD BAY PIERS,2,0,1,3,1,2,1,10,,,BROOKLYN     ,1.22,,
707,ELEANOR ROOSEVELT PLAYGROUND,2,0,1,3,1,2,1,10,-73.93547685,40.6927943,BROOKLYN     ,1.211,,
708,BAYVIEW PLAYGROUND,2,0,1,3,1,2,1,10,-73.8872222,40.6347222,BROOKLYN     ,1.21,,
709,BAYSIDE PLAYGROUND,2,0,1,3,1,2,1,10,-73.825,40.585,QUEENS       ,1.21,,
710,MURRAY HILL PLAYGROUND,2,0,1,3,1,2,1,10,-73.81182498,40.7616608,QUEENS       ,1.206,,
711,FRANCIS LEWIS PLAYGROUND,2,0,1,3,1,2,1,10,-73.78410073,40.76047525,QUEENS       ,1.206,,
712,MAGENTA PLAYGROUND,2,0,1,3,1,2,1,10,-73.8677778,40.8733333,BRONX        ,1.205,,
713,TIFFANY PLAYGROUND,2,0,1,3,1,2,1,10,-73.8941667,40.825,BRONX        ,1.205,,
714,MAURICE A FITZGERALD PLAYGROUND,2,0,1,3,1,2,1,10,-73.8397222,40.6902778,QUEENS       ,1.201,,
715,HILTON HOLIDAY GARDENS,2,0,1,3,1,2,1,10,-73.79544505,40.6686029,QUEENS       ,1.2,,
716,DANIEL BOONE PLAYGROUND,2,0,1,3,1,2,1,10,-73.88600683,40.8293496,BRONX        ,1.2,,
717,KOREAN WAR VETERANS PLAZA,2,0,1,3,1,2,1,10,-73.99053826,40.69555685,BROOKLYN     ,1.195,,
718,HATTIE CARTHAN PLAYGROUND,2,0,1,3,1,2,1,10,-73.9460976,40.68558165,BROOKLYN     ,1.195,,
719,STROUD PLAYGROUND,2,0,1,3,1,2,1,10,-2.228535845,51.72887785,BROOKLYN     ,1.194,,
720,TILDEN PLAYGROUND,2,0,1,3,1,2,1,10,-73.9313889,40.6477778,BROOKLYN     ,1.19,,
721,UNDERWOOD PARK,2,0,1,3,1,2,1,10,-123.716966,39.8598739,BROOKLYN     ,1.187,,
722,SOUTH OXFORD PARK,2,0,1,3,1,2,1,10,-73.97245965,40.68372685,BROOKLYN     ,1.187,,
723,LAFAYETTE PLAYGROUND ON STILLWELL AVENUE,2,0,1,3,1,2,1,10,,,BROOKLYN     ,1.187,,
724,GROVE HILL PLAYGROUND,2,0,1,3,1,2,1,10,-73.90885815,40.81988405,BRONX        ,1.186,,
725,LA GUARDIA PLAYGROUND,2,0,1,3,1,2,1,10,,,BROOKLYN     ,1.179,,
726,UNNAMED PARK ON DRUMGOOLE ROAD & VERNON AVENUE,2,0,1,3,1,2,1,10,,,STATEN ISLAND,1.178,,
727,BELMONT PLAYGROUND BROOKLYN,2,0,1,3,1,2,1,10,-73.8627846,40.6754077,BROOKLYN     ,1.177,,
728,STEUBEN PLAYGROUND,2,0,1,3,1,2,1,10,-73.9634778,40.6972222,BROOKLYN     ,1.171,,
729,WILLIAM SHERIDAN PLAYGROUND,2,0,1,3,1,2,1,10,,,BROOKLYN     ,1.17,,
730,THE CYCLONE,2,0,1,3,1,2,1,10,90.7151413,22.5668005,BROOKLYN     ,1.17,,
731,OAKLAND GARDENS,2,0,1,3,1,2,1,10,-73.765966,40.753991,QUEENS       ,1.166,,
732,UNIVERSITY PLACE,2,0,1,3,1,2,1,10,-122.552067,47.2368034,BROOKLYN     ,1.161,,
733,EHRENREICH-AUSTIN PLAYGROUND,2,0,1,3,1,2,1,10,-73.83663508,40.71531125,QUEENS       ,1.161,,
734,HILLSIDE PARK QUEENS,2,0,1,3,1,2,1,10,-73.7127778,40.7408333,QUEENS       ,1.16,,
735,SITTING AREA AT HOYT AVENUE,2,0,1,3,1,2,1,10,,,QUEENS       ,1.16,,
736,HARDING PARK BEAUTIFICATION PROJECT,2,0,1,3,1,2,1,10,,,BRONX        ,1.16,,
737,CUYLER GORE PARK,2,0,1,3,1,2,1,10,-73.97191308,40.6855949,BROOKLYN     ,1.158,,
738,BATH PLAYGROUND,2,0,1,3,1,2,1,10,-73.99327289,40.59464235,BROOKLYN     ,1.157,,
739,POLICE OFFICER NICHOLAS DEMUTIIS PARK,2,0,1,3,1,2,1,10,-73.8392232,40.68162565,QUEENS       ,1.151,,
740,"""UNCLE"" VITO E. MARANZANO GLENDALE PLAYGROUND",2,0,1,3,1,2,1,10,-73.88176086,40.704954,QUEENS       ,1.15,,
741,RAPPAPORT PLAYGROUND,2,0,1,3,1,2,1,10,-74.00060247,40.6368047,BROOKLYN     ,1.148,,
742,EAST SPRINGFIELD PLAYGROUND,2,0,1,3,1,2,1,10,-73.73989423,40.69850475,QUEENS       ,1.146,,
743,WILLETS POINT PLAYGROUND,2,0,1,3,1,2,1,10,-73.79654331,40.7838361,QUEENS       ,1.145,,
744,TOAD HALL PLAYGROUND,2,0,1,3,1,2,1,10,-74.1197222,40.6086111,STATEN ISLAND,1.145,,
745,SEASIDE PLAYGROUND,2,0,1,3,1,2,1,10,-73.8311111,40.5802778,QUEENS       ,1.144,,
746,CORPORAL JOHN A. SERAVALLI PLAYGROUND,2,0,1,3,1,2,1,10,-74.00480494,40.73903715,MANHATTAN    ,1.143,,
747,POPPENHUSEN PLAYGROUND,2,0,1,3,1,2,1,10,-73.84459192,40.78126535,QUEENS       ,1.14,,
748,UNNAMED PARK ON ROCKAWAY BOARDWALK & B 28TH ST,2,0,1,3,1,2,1,10,,,QUEENS       ,1.14,,
749,SOBEL COURT PARK,2,0,1,3,1,2,1,10,-74.08378431,40.614976,STATEN ISLAND,1.137,,
750,WESTBOURNE PLAYGROUND,2,0,1,3,1,2,1,10,-73.76501778,40.6085779,QUEENS       ,1.13,,
751,FIDLER-WYCKOFF HOUSE PARK,2,0,1,3,1,2,1,10,-73.92083697,40.64424255,BROOKLYN     ,1.13,,
752,UNNAMED PARK ON SOUNDVIEW AVENUE,2,0,1,3,1,2,1,10,,,BRONX        ,1.13,,
753,D'EMIC PLAYGROUND,2,0,1,3,1,2,1,10,,,BROOKLYN     ,1.13,,
754,PRESCOTT PLAYGROUND,2,0,1,3,1,2,1,10,-75.5198765,44.70465135,STATEN ISLAND,1.124,,
755,LOPEZ PLAYGROUND,2,0,1,3,1,2,1,10,120.6108126,16.4188435,STATEN ISLAND,1.115,,
756,HUGH J. GRANT CIRCLE,2,0,1,3,1,2,1,10,-73.8608514,40.8335969,BRONX        ,1.11,,
757,P.S. 29 BALL FIELD,2,0,1,3,1,2,1,10,,,BRONX        ,1.107,,
758,PENA HERRERA PARK,2,0,1,3,1,2,1,10,,,BROOKLYN     ,1.107,,
759,MENTONE PLAYGROUND,2,0,1,3,1,2,1,10,-73.74279572,40.66624465,QUEENS       ,1.102,,
760,MIDDLETON PLAYGROUND,2,0,1,3,1,2,1,10,-73.9554143,40.70068215,BROOKLYN     ,1.101,,
761,DE HOSTOS PLAYGROUND,2,0,1,3,1,2,1,10,-73.9494444,40.7025,BROOKLYN     ,1.1,,
762,SARATOGA BALLFIELDS,2,0,1,3,1,2,1,10,-73.9147222,40.6752778,BROOKLYN     ,1.095,,
763,ROBERT MOSES PLAYGROUND,2,0,1,3,1,2,1,10,-73.96969965,40.74811495,MANHATTAN    ,1.093,,
764,STOCKTON PLAYGROUND,2,0,1,3,1,2,1,10,-73.94875799,40.69741415,BROOKLYN     ,1.089,,
765,JACOB'S LADDER PLAYGROUND,2,0,1,3,1,2,1,10,-73.9670301,40.7049071,BROOKLYN     ,1.085,,
766,LOUIS ARMSTRONG PLAYGROUND,2,0,1,3,1,2,1,10,-73.85541188,40.7547862,QUEENS       ,1.085,,
767,UNNAMED PARK ON HAMILTON AVENUE,2,0,1,3,1,2,1,10,,,BROOKLYN     ,1.08,,
768,LATIMER PLAYGROUND,2,0,1,3,1,2,1,10,-73.7861757,40.69652295,QUEENS       ,1.076,,
769,UNNAMED PARK ON MELROSE AVENUE,2,0,1,3,1,2,1,10,,,BRONX        ,1.075,,
770,MARLBORO PLAYGROUND,2,0,1,3,1,2,1,10,-73.98090026,40.59138465,BROOKLYN     ,1.072,,
771,NORTH ROCHDALE PLAYGROUND,2,0,1,3,1,2,1,10,-73.77515087,40.6798574,QUEENS       ,1.071,,
772,JEROME PLAYGROUND,2,0,1,3,1,2,1,10,-73.8796559,40.6589486,BROOKLYN     ,1.068,,
773,GREAT KILLS PARK AT HILLCREST AVENUE,2,0,1,3,1,2,1,10,,,STATEN ISLAND,1.065,,
774,FERMI PLAYGROUND,2,0,1,3,1,2,1,10,-73.92840169,40.700598,BROOKLYN     ,1.061,,
775,ERICSSON PLAYGROUND,2,0,1,3,1,2,1,10,-73.9486111,40.7208333,BROOKLYN     ,1.06,,
776,TELEPHONE PLAYGROUND,2,0,1,3,1,2,1,10,-73.75639,40.7383333,QUEENS       ,1.056,,
777,MELLETT PLAYGROUND,2,0,1,3,1,2,1,10,-73.9574662,40.5969532,BROOKLYN     ,1.056,,
778,NELLIE BLY PARK,2,0,1,3,1,2,1,10,,,BROOKLYN     ,1.056,,
779,SEDGWICK PLAYGROUND,2,0,1,3,1,2,1,10,-73.9234276,40.8457076,BRONX        ,1.054,,
780,BRUCKNER PLAYGROUND,2,0,1,3,1,2,1,10,-73.8286111,40.8266667,BRONX        ,1.053,,
781,MILLBROOK PLAYGROUND,2,0,1,3,1,2,1,10,-72.6191829,41.73646745,BRONX        ,1.053,,
782,PLAYGROUND 103 CIII,2,0,1,3,1,2,1,10,,,MANHATTAN    ,1.052,,
783,ROCKET PARK,2,0,1,3,1,2,1,10,-73.8463349,40.670716,QUEENS       ,1.052,,
784,BEACH CHANNEL PLAYGROUND,2,0,1,3,1,2,1,10,-73.8058333,40.5888889,QUEENS       ,1.051,,
785,L/CPL THOMAS P. NOONAN JR. PLAYGROUND,2,0,1,3,1,2,1,10,,,QUEENS       ,1.05,,
786,LOZADA PLAYGROUND,2,0,1,3,1,2,1,10,-73.92499424,40.80795435,BRONX        ,1.05,,
787,JAMES WELDON JOHNSON PLAYGROUND,2,0,1,3,1,2,1,10,-73.94183252,40.79714465,MANHATTAN    ,1.048,,
788,SPRINGFIELD PARK NORTH,2,0,1,3,1,2,1,10,-80.90235953,35.16184175,QUEENS       ,1.045,,
789,NICHOLAS NAQUAN HEYWARD JR. PARK,2,0,1,3,1,2,1,10,-73.98786515,40.68456655,BROOKLYN     ,1.041,,
790,PLANEVIEW PARK,2,0,1,3,1,2,1,10,-73.88362688,40.76783775,QUEENS       ,1.035,,
791,FISH PLAYGROUND,2,0,1,3,1,2,1,10,-73.9152778,40.6783333,BROOKLYN     ,1.035,,
792,GILBERT RAMIREZ PARK,2,0,1,3,1,2,1,10,-73.9344335,40.70606415,BROOKLYN     ,1.034,,
793,OXPORT PLAYGROUND,2,0,1,3,1,2,1,10,-73.9763308,40.69736095,BROOKLYN     ,1.033,,
794,WOODTREE PLAYGROUND,2,0,1,3,1,2,1,10,-73.90237146,40.7775265,QUEENS       ,1.033,,
795,VAN ALST PLAYGROUND,2,0,1,3,1,2,1,10,-73.92844493,40.77060875,QUEENS       ,1.033,,
796,HAMMEL PLAYGROUND,2,0,1,3,1,2,1,10,-73.80936374,40.58823735,QUEENS       ,1.03,,
797,EASTCHESTER PLAYGROUND,2,0,1,3,1,2,1,10,-73.85280874,40.869844,BRONX        ,1.025,,
798,SUNRISE PLAYGROUND,2,0,1,3,1,2,1,10,-73.7365475,40.65268975,QUEENS       ,1.025,,
799,POWELL PLAYGROUND,2,0,1,3,1,2,1,10,-73.90476828,40.67119825,BROOKLYN     ,1.024,,
800,KALTENMEIER PLAYGROUND,2,0,1,3,1,2,1,10,-74.06869676,40.61483415,STATEN ISLAND,1.02,,
801,MATTHEWS MULINER PLAYGROUND,2,0,1,3,1,2,1,10,-73.8613889,40.8469444,BRONX        ,1.02,,
802,BOWLING GREEN,2,0,1,3,1,2,1,10,-86.4436018,36.9903199,MANHATTAN    ,1.016,,
803,ANNADALE PLAYGROUND,2,0,1,3,1,2,1,10,-73.85181332,40.7311551,QUEENS       ,1.013,,
804,CURTIS PLAYGROUND,2,0,1,3,1,2,1,10,-122.2878748,37.88755725,BROOKLYN     ,1.003,,
805,MELROSE PLAYGROUND,2,0,1,3,1,2,1,10,-71.07902356,42.45639835,BRONX        ,1.001,,
806,PLAYGROUND 174,2,0,1,3,1,2,1,10,-73.87778086,40.8343397,BRONX        ,1,,
807,HOWARD PLAYGROUND,2,0,1,3,1,2,1,10,-73.9083333,40.6716667,BROOKLYN     ,1,,
808,CHESTER PLAYGROUND,2,0,1,3,1,2,1,10,-73.91197256,40.66881785,BROOKLYN     ,1,,
809,JACKIE ROBINSON PLAYGROUND,2,0,1,3,1,2,1,10,-73.95922461,40.6657869,BROOKLYN     ,1,,
810,BLAKE HOBBS PLAYGROUND,2,0,1,3,1,2,1,10,-73.94397433,40.789107,MANHATTAN    ,1,,
811,PLIMPTON PLAYGROUND,2,0,1,3,1,2,1,10,-73.92248077,40.84373935,BRONX        ,1,,
812,CASERTA PLAYGROUND,2,0,1,3,1,2,1,10,14.19174126,40.972543,BRONX        ,1,,
813,HACKETT PARK,2,0,1,3,1,2,1,10,-73.74151865,42.6722269,BRONX        ,1,,
814,RANDALL PLAYGROUND,2,0,1,3,1,2,1,10,-73.84955801,40.81954455,BRONX        ,1,,
815,PINK PLAYGROUND,2,0,1,3,1,2,1,10,-73.8627778,40.6666667,BROOKLYN     ,1,,
816,MARTIN LUTHER KING PLAYGROUND,2,0,1,3,1,2,1,10,-73.95038251,40.8002119,MANHATTAN    ,1,,
817,MONSIGNOR KETT PLAYGROUND,2,0,1,3,1,2,1,10,-73.92094438,40.8625034,MANHATTAN    ,1,,
818,RUPPERT PARK,2,0,1,3,1,2,1,10,-73.95014845,40.780956,MANHATTAN    ,0.997,,
819,BELLEROSE PLAYGROUND,2,0,1,3,1,2,1,10,-73.7177778,40.7327778,QUEENS       ,0.996,,
820,ARVERNE PLAYGROUND,2,0,1,3,1,2,1,10,-73.78519242,40.59286755,QUEENS       ,0.993,,
821,ABRAHAM LINCOLN PLAYGROUND,2,0,1,3,1,2,1,10,-73.93715172,40.81219815,MANHATTAN    ,0.991,,
822,CAPTAIN RIVERA PLAYGROUND,2,0,1,3,1,2,1,10,-73.9066667,40.8180556,BRONX        ,0.988,,
823,NEWTOWN BARGE PLAYGROUND,2,0,1,3,1,2,1,10,-73.96024729,40.7358872,BROOKLYN     ,0.983,,
824,HOLLIS PLAYGROUND,2,0,1,3,1,2,1,10,-71.00370906,42.21582135,QUEENS       ,0.98,,
825,MAPLE PLAYGROUND,2,0,1,3,1,2,1,10,-73.82618664,40.7558253,QUEENS       ,0.978,,
826,GOUVERNEUR PLAYGROUND,2,0,1,3,1,2,1,10,-73.90350934,40.83581685,BRONX        ,0.977,,
827,MOTT PLAYGROUND,2,0,1,3,1,2,1,10,-73.9145984,40.83149595,BRONX        ,0.977,,
828,ZIMMERMAN PLAYGROUND,2,0,1,3,1,2,1,10,,,BRONX        ,0.974,,
829,LANNETT PLAYGROUND,2,0,1,3,1,2,1,10,,,QUEENS       ,0.974,,
830,RANAQUA PARK,2,0,1,3,1,2,1,10,-73.92234563,40.80675145,BRONX        ,0.972,,
831,TEN EYCK PLAYGROUND,2,0,1,3,1,2,1,10,,,BROOKLYN     ,0.972,,
832,MAE GRANT PLAYGROUND,2,0,1,3,1,2,1,10,-73.94938252,40.79250095,MANHATTAN    ,0.97,,
833,ANDRIES PLAYGROUND,2,0,1,3,1,2,1,10,-73.94643425,40.6226389,BROOKLYN     ,0.964,,
834,CARVER PLAYGROUND,2,0,1,3,1,2,1,10,-73.92058049,40.6803026,BROOKLYN     ,0.964,,
835,PARK SLOPE PLAYGROUND,2,0,1,3,1,2,1,10,-73.97866648,40.67681715,BROOKLYN     ,0.955,,
836,CHERRY TREE PARK,2,0,1,3,1,2,1,10,-73.94719502,40.7872495,MANHATTAN    ,0.95,,
837,DAVIS PLAYGROUND,2,0,1,3,1,2,1,10,-74.0858333,40.6422222,STATEN ISLAND,0.949,,
838,MATTHEW P. SAPOLIN PLAYGROUND,2,0,1,3,1,2,1,10,,,MANHATTAN    ,0.947,,
839,PETER MINUIT PLAYGROUND,2,0,1,3,1,2,1,10,-73.94726456,40.79472575,MANHATTAN    ,0.943,,
840,SOUTH ROCHDALE PLAYGROUND,2,0,1,3,1,2,1,10,-73.7692786,40.67391715,QUEENS       ,0.942,,
841,DREW PLAYGROUND,2,0,1,3,1,2,1,10,-73.9033216,40.8331866,BRONX        ,0.94,,
842,FOX PLAYGROUND BRONX,2,0,1,3,1,2,1,10,-73.89870668,40.81484675,BRONX        ,0.94,,
843,WALTER WARD PLAYGROUND,2,0,1,3,1,2,1,10,-73.84367222,40.65764335,QUEENS       ,0.935,,
844,CRISPUS ATTUCKS PLAYGROUND,2,0,1,3,1,2,1,10,-73.95910591,40.68153625,BROOKLYN     ,0.934,,
845,BENSON PLAYGROUND,2,0,1,3,1,2,1,10,-74.00218243,40.60242635,BROOKLYN     ,0.934,,
846,SURF PLAYGROUND,2,0,1,3,1,2,1,10,144.3052078,-38.34386205,BROOKLYN     ,0.933,,
847,BERGEN BEACH PLAYGROUND,2,0,1,3,1,2,1,10,-73.9098124,40.6224548,BROOKLYN     ,0.927,,
848,TIGER PLAYGROUND,2,0,1,3,1,2,1,10,-73.91098924,40.6882557,BROOKLYN     ,0.926,,
849,ATHENS SQUARE,2,0,1,3,1,2,1,10,-73.92220972,40.7678139,QUEENS       ,0.925,,
850,P.S. 279 PLAYGROUND,2,0,1,3,1,2,1,10,-71.85259,42.761359,BROOKLYN     ,0.92,,
851,ROCK GARDEN PARK,2,0,1,3,1,2,1,10,-73.88525479,40.8353412,BRONX        ,0.92,,
852,SAW MILL PLAYGROUND,2,0,1,3,1,2,1,10,-73.91937677,40.8089229,BRONX        ,0.92,,
853,LIVONIA PARK,2,0,1,3,1,2,1,10,-91.551566,30.56814,BROOKLYN     ,0.918,,
854,HOUSTON PLAYGROUND,2,0,1,3,1,2,1,10,-73.9050191,40.6722381,BROOKLYN     ,0.918,,
855,BARTLETT PLAYGROUND,2,0,1,3,1,2,1,10,-73.9461111,40.7008333,BROOKLYN     ,0.918,,
856,WHITE PLAYGROUND STATEN ISLAND,2,0,1,3,1,2,1,10,-74.06312194,40.60757085,STATEN ISLAND,0.918,,
857,BOERUM PARK,2,0,1,3,1,2,1,10,-73.99021105,40.68461625,BROOKLYN     ,0.918,,
858,NEWPORT PLAYGROUND,2,0,1,3,1,2,1,10,-73.90703452,40.66086495,BROOKLYN     ,0.918,,
859,DITMARS PARK,2,0,1,3,1,2,1,10,-73.90710835,40.77158165,QUEENS       ,0.918,,
860,PRATT PLAYGROUND,2,0,1,3,1,2,1,10,-73.9624999,40.69263795,BROOKLYN     ,0.918,,
861,CARTER G. WOODSON CHILDREN'S PARK,2,0,1,3,1,2,1,10,-73.90583555,40.6684637,BROOKLYN     ,0.918,,
862,VIRGINIA PARK,2,0,1,3,1,2,1,10,-113.452312,53.5614392,BRONX        ,0.918,,
863,ALBEMARLE PLAYGROUND,2,0,1,3,1,2,1,10,-73.98058084,40.645925,BROOKLYN     ,0.918,,
864,EDMONDS PLAYGROUND,2,0,1,3,1,2,1,10,-73.97157199,40.68921225,BROOKLYN     ,0.917,,
865,GARDEN PLAYGROUND,2,0,1,3,1,2,1,10,-73.9384221,40.7011218,BROOKLYN     ,0.915,,
866,MARTIN LUTHER PLAYGROUND,2,0,1,3,1,2,1,10,-74.0197359,40.64577615,BROOKLYN     ,0.913,,
867,PONTIAC PLAYGROUND,2,0,1,3,1,2,1,10,-73.90824781,40.8142235,BRONX        ,0.913,,
868,AESOP PARK,2,0,1,3,1,2,1,10,-74.22987023,40.5095654,STATEN ISLAND,0.912,,
869,SLATTERY PLAYGROUND,2,0,1,3,1,2,1,10,-73.89848511,40.8573393,BRONX        ,0.911,,
870,BAY TERRACE PLAYGROUND,2,0,1,3,1,2,1,10,-73.7776007,40.78241135,QUEENS       ,0.91,,
871,WILLOUGHBY PLAYGROUND,2,0,1,3,1,2,1,10,-73.94676099,40.6944318,BROOKLYN     ,0.907,,
872,ESTELLA DIGGS PARK,2,0,1,3,1,2,1,10,-73.90617605,40.82898905,BRONX        ,0.903,,
873,WASHINGTON HALL PARK,2,0,1,3,1,2,1,10,-73.96677662,40.6953484,BROOKLYN     ,0.901,,
874,STARR PLAYGROUND,2,0,1,3,1,2,1,10,-73.91780359,40.70978505,QUEENS       ,0.9,,
875,HARLEM RBI,2,0,1,3,1,2,1,10,,,MANHATTAN    ,0.9,,
876,HART PLAYGROUND ON BROADWAY,2,0,1,3,1,2,1,10,,,QUEENS       ,0.896,,
877,AMERICAN PLAYGROUND,2,0,1,3,1,2,1,10,-73.95791731,40.72889075,BROOKLYN     ,0.896,,
878,ARROCHAR PLAYGROUND,2,0,1,3,1,2,1,10,-74.07086563,40.5977548,STATEN ISLAND,0.892,,
879,SOL LAIN PLGD,2,0,1,3,1,2,1,10,,,MANHATTAN    ,0.891,,
880,EL SHABAZZ PLAYGROUND,2,0,1,3,1,2,1,10,-73.9311111,40.6827778,BROOKLYN     ,0.89,,
881,PINOCCHIO PLAYGROUND,2,0,1,3,1,2,1,10,-73.87530942,40.70572995,QUEENS       ,0.888,,
882,ALICE KORNEGAY TRIANGLE,2,0,1,3,1,2,1,10,-73.93534236,40.8064117,MANHATTAN    ,0.883,,
883,PETER'S FIELD,2,0,1,3,1,2,1,10,-73.98156875,40.7361158,MANHATTAN    ,0.882,,
884,BEDFORD PLAYGROUND,2,0,1,3,1,2,1,10,-73.9638889,40.7083333,BROOKLYN     ,0.881,,
885,HAROLD SCHNEIDERMAN PLAYGROUND,2,0,1,3,1,2,1,10,-73.8502778,40.6647222,QUEENS       ,0.878,,
886,WAKEFIELD PLAYGROUND,2,0,1,3,1,2,1,10,-73.8541667,40.9022222,BRONX        ,0.877,,
887,QUEENS VALLEY PLAYGROUND,2,0,1,3,1,2,1,10,-73.82367154,40.72187035,QUEENS       ,0.876,,
888,LT. JOSEPH PETROSINO PARK,2,0,1,3,1,2,1,10,-73.99852139,40.6190741,BROOKLYN     ,0.871,,
889,EVERGREEN PLAYGROUND,2,0,1,3,1,2,1,10,-73.9107597,40.6861273,BROOKLYN     ,0.87,,
890,PLAYGROUND 286,2,0,1,3,1,2,1,10,-113.6407833,37.0920095,BROOKLYN     ,0.868,,
891,BARRIER PLAYGROUND,2,0,1,3,1,2,1,10,-73.85502083,40.7362113,QUEENS       ,0.867,,
892,LION'S PRIDE PLAYGROUND,2,0,1,3,1,2,1,10,-75.17763807,40.2468091,BROOKLYN     ,0.865,,
893,NATHAN STRAUS PLAYGROUND,2,0,1,3,1,2,1,10,-73.98416261,40.7193274,MANHATTAN    ,0.851,,
894,SCHENCK PLAYGROUND,2,0,1,3,1,2,1,10,,,BROOKLYN     ,0.847,,
895,HAVILAND PLAYGROUND,2,0,1,3,1,2,1,10,,,BRONX        ,0.84,,
896,SOL BLOOM PLAYGROUND,2,0,1,3,1,2,1,10,-73.9689095,40.7897306,MANHATTAN    ,0.837,,
897,P.S. 155 PLAYGROUND,2,0,1,3,1,2,1,10,-73.9354586,40.79732275,MANHATTAN    ,0.834,,
898,STEBBINS PLAYGROUND,2,0,1,3,1,2,1,10,-73.8986111,40.8227778,BRONX        ,0.83,,
899,OPEN ROAD PARK,2,0,1,3,1,2,1,10,-73.98288222,40.72938305,MANHATTAN    ,0.828,,
900,DI GILIO PLAYGROUND,2,0,1,3,1,2,1,10,,,BROOKLYN     ,0.826,,
901,HART PLAYGROUND ON 147 ST,2,0,1,3,1,2,1,10,,,QUEENS       ,0.821,,
902,FLYNN PLAYGROUND,2,0,1,3,1,2,1,10,149.0451946,-35.2102196,BRONX        ,0.82,,
903,HIGHBRIDGE PARK BRONX SIDE,2,0,1,3,1,2,1,10,,,BRONX        ,0.82,,
904,FISHER POOL,2,0,1,3,1,2,1,10,-73.86937969,40.7588878,QUEENS       ,0.817,,
905,PARKSIDE PLAYGROUND BRONX,2,0,1,3,1,2,1,10,-73.8677778,40.8683333,BRONX        ,0.817,,
906,ALEXANDER HAMILTON PLAYGROUND,2,0,1,3,1,2,1,10,-73.9512221,40.82309255,MANHATTAN    ,0.811,,
907,WEST FARMS RAPIDS,2,0,1,3,1,2,1,10,-73.87786355,40.8411283,BRONX        ,0.81,,
908,BELLAIRE PLAYGROUND,2,0,1,3,1,2,1,10,-73.75802593,40.7217256,QUEENS       ,0.809,,
909,STEINWAY PLAYGROUND,2,0,1,3,1,2,1,10,-73.90344795,40.7764642,QUEENS       ,0.809,,
910,RISSE STREET PARK,2,0,1,3,1,2,1,10,,,BRONX        ,0.806,,
911,ETHAN ALLEN PLAYGROUND,2,0,1,3,1,2,1,10,-73.88697706,40.65563475,BROOKLYN     ,0.8,,
912,KENNEDY KING PLAYGROUND,2,0,1,3,1,2,1,10,-73.9222222,40.6583333,BROOKLYN     ,0.79,,
913,EUGENE MCCABE FIELD,2,0,1,3,1,2,1,10,-73.94158655,40.80242665,MANHATTAN    ,0.789,,
914,VLADECK PARK,2,0,1,3,1,2,1,10,-73.9820517,40.7123949,MANHATTAN    ,0.789,,
915,SAMUEL SEABURY PLAYGROUND,2,0,1,3,1,2,1,10,-73.9508,40.7856,MANHATTAN    ,0.786,,
916,SPIRIT PLAYGROUND,2,0,1,3,1,2,1,10,-73.94138776,40.76125585,QUEENS       ,0.786,,
917,MORGAN PLAYGROUND,2,0,1,3,1,2,1,10,-73.90751484,40.8321557,BRONX        ,0.782,,
918,MOORE PLAYGROUND,2,0,1,3,1,2,1,10,-73.93850095,40.80940365,MANHATTAN    ,0.766,,
919,FIRST PARK,2,0,1,3,1,2,1,10,-73.98921215,40.72338385,MANHATTAN    ,0.763,,
920,SGT. WILLIAM DOUGHERTY PLAYGROUND,2,0,1,3,1,2,1,10,-73.93671087,40.72370165,BROOKLYN     ,0.76,,
921,ADMIRAL PARK,2,0,1,3,1,2,1,10,-0.734264014,51.2280267,QUEENS       ,0.759,,
922,JAIME CAMPIZ PLAYGROUND,2,0,1,3,1,2,1,10,-73.95453989,40.71331995,BROOKLYN     ,0.752,,
923,SAMUEL N. BENNERSON 2ND PLAYGROUND,2,0,1,3,1,2,1,10,-73.98697587,40.7738043,MANHATTAN    ,0.749,,
924,PLAYGROUND SEVENTY FIVE,2,0,1,3,1,2,1,10,-73.80815294,40.726382,QUEENS       ,0.749,,
925,WEBSTER PLAYGROUND,2,0,1,3,1,2,1,10,-93.13007229,44.9443573,BRONX        ,0.744,,
926,FROST PLAYGROUND,2,0,1,3,1,2,1,10,,,BROOKLYN     ,0.739,,
927,TECUMSEH PLAYGROUND,2,0,1,3,1,2,1,10,-73.97857156,40.7818185,MANHATTAN    ,0.738,,
928,RAILROAD PARK BRONX,2,0,1,3,1,2,1,10,-73.91543618,40.82508925,BRONX        ,0.732,,
929,NATHAN WEIDENBAUM PARK,2,0,1,3,1,2,1,10,-73.90225886,40.73813705,QUEENS       ,0.732,,
930,BLUEBERRY PARK,2,0,1,3,1,2,1,10,-122.6361546,47.5945569,STATEN ISLAND,0.724,,
931,CLARK PLAYGROUND,2,0,1,3,1,2,1,10,-73.92133178,40.8136854,BRONX        ,0.722,,
932,HUNTS POINT PLAYGROUND,2,0,1,3,1,2,1,10,-73.8861111,40.8141667,BRONX        ,0.717,,
933,GUN HILL PLAYGROUND,2,0,1,3,1,2,1,10,-73.86550403,40.87469775,BRONX        ,0.716,,
934,BLOOMINGDALE PLAYGROUND,2,0,1,3,1,2,1,10,-73.9661994,40.799217,MANHATTAN    ,0.715,,
935,GALILEO PLAYGROUND,2,0,1,3,1,2,1,10,,,BRONX        ,0.714,,
936,I-AM-PARK,2,0,1,3,1,2,1,10,-73.9100896,40.8112632,BRONX        ,0.712,,
937,UNNAMED PARK ON 17TH STREET,2,0,1,3,1,2,1,10,,,BROOKLYN     ,0.711,,
938,LINWOOD PLAYGROUND,2,0,1,3,1,2,1,10,-73.8802778,40.6661111,BROOKLYN     ,0.705,,
939,LAFAYETTE GARDENS PLAYGROUND,2,0,1,3,1,2,1,10,-73.95753762,40.68978225,BROOKLYN     ,0.705,,
940,ORACLE PLAYGROUND,2,0,1,3,1,2,1,10,-73.9714435,40.6937186,BROOKLYN     ,0.703,,
941,NEWTOWN PLAYGROUND,2,0,1,3,1,2,1,10,-73.86950655,40.73636525,QUEENS       ,0.703,,
942,MOUNT HOPE PLAYGROUND,2,0,1,3,1,2,1,10,-73.90951037,40.8502343,BRONX        ,0.7,,
943,GARRISON PLAYGROUND,2,0,1,3,1,2,1,10,-97.8005483,30.2120236,BRONX        ,0.696,,
944,GERTRUDE EDERLE RECREATION CENTER,2,0,1,3,1,2,1,10,-73.98874382,40.7714567,MANHATTAN    ,0.69,,
945,SLOPE PARK,2,0,1,3,1,2,1,10,,,BROOKLYN     ,0.689,,
946,FRED SAMUEL PLAYGROUND,2,0,1,3,1,2,1,10,-73.93922034,40.8171615,MANHATTAN    ,0.688,,
947,AUBURNDALE PLAYGROUND,2,0,1,3,1,2,1,10,-73.79450096,40.7658009,QUEENS       ,0.686,,
948,WHITE PLAYGROUND MANHATTAN,2,0,1,3,1,2,1,10,-73.94587506,40.7916291,MANHATTAN    ,0.684,,
949,DAWSON PLAYGROUND,2,0,1,3,1,2,1,10,-73.89841332,40.81964345,BRONX        ,0.681,,
950,LILLIAN D WALD PLAYGROUND,2,0,1,3,1,2,1,10,-73.97687422,40.71969155,MANHATTAN    ,0.68,,
951,MAPES POOL,2,0,1,3,1,2,1,10,,,BRONX        ,0.68,,
952,HOWARD POOL,2,0,1,3,1,2,1,10,-76.99419628,39.2181617,BROOKLYN     ,0.67,,
953,ST. NICHOLAS PLAYGROUND SOUTH,2,0,1,3,1,2,1,10,,,MANHATTAN    ,0.67,,
954,RIVER AVENUE PARKS,2,0,1,3,1,2,1,10,-115.1463953,36.2796106,BRONX        ,0.67,,
955,CANAL PARK,2,0,1,3,1,2,1,10,-81.52217791,41.07815575,MANHATTAN    ,0.669,,
956,RIVERBEND PLAYGROUND,2,0,1,3,1,2,1,10,-73.9055556,40.8725,BRONX        ,0.661,,
957,ST. NICHOLAS PLAYGROUND NORTH,2,0,1,3,1,2,1,10,,,MANHATTAN    ,0.66,,
958,COLLEGE POINT PARK,2,0,1,3,1,2,1,10,-73.84647997,40.7856253,QUEENS       ,0.659,,
959,THE PEARLY GATES,2,0,1,3,1,2,1,10,-90.0371261,35.1790153,BRONX        ,0.659,,
960,AUDUBON PLAYGROUND,2,0,1,3,1,2,1,10,-73.93801478,40.8416219,MANHATTAN    ,0.656,,
961,COURTNEY CALLENDER PLAYGROUND,2,0,1,3,1,2,1,10,-73.94011556,40.8100322,MANHATTAN    ,0.653,,
962,BRIZZI PLAYGROUND,2,0,1,3,1,2,1,10,-73.9946277,40.642553,BROOKLYN     ,0.649,,
963,AUGUSTUS ST. GAUDENS PLAYGROUND,2,0,1,3,1,2,1,10,-73.98220729,40.73554415,MANHATTAN    ,0.642,,
964,VESUVIO PLAYGROUND,2,0,1,3,1,2,1,10,-74.00257375,40.72542055,MANHATTAN    ,0.635,,
965,VETERANS GROVE,2,0,1,3,1,2,1,10,-73.87780049,40.74249975,QUEENS       ,0.626,,
966,SQUIBB PARK,2,0,1,3,1,2,1,10,-73.99553967,40.7009172,BROOKLYN     ,0.626,,
967,ELTON PLAYGROUND,2,0,1,3,1,2,1,10,-73.8805556,40.6658333,BROOKLYN     ,0.622,,
968,TWENTY-FOUR SYCAMORES PARK,2,0,1,3,1,2,1,10,,,MANHATTAN    ,0.622,,
969,EAST RIVER ESPLANADE AT E 36TH ST AND FDR,2,0,1,3,1,2,1,10,,,MANHATTAN    ,0.62,,
970,CEDAR GROVE PLAYGROUND,2,0,1,3,1,2,1,10,-73.82449995,40.736112,QUEENS       ,0.619,,
971,CLEOPATRA PLAYGROUND,2,0,1,3,1,2,1,10,-73.90418312,40.8454135,BRONX        ,0.618,,
972,BEACH 59TH ST PLAYGROUND,2,0,1,3,1,2,1,10,-73.78902564,40.58908135,QUEENS       ,0.618,,
973,HALF-NELSON PLAYGROUND,2,0,1,3,1,2,1,10,-73.91929574,40.8468095,BRONX        ,0.61,,
974,HENRY M. JACKSON PLAYGROUND,2,0,1,3,1,2,1,10,-73.98149659,40.71398055,MANHATTAN    ,0.61,,
975,BRIDGE PLAYGROUND,2,0,1,3,1,2,1,10,-73.92412512,40.8442464,BRONX        ,0.61,,
976,WILLIAM F. PASSANNANTE BALLFIELD,2,0,1,3,1,2,1,10,,,MANHATTAN    ,0.607,,
977,DR. RONALD E. MCNAIR PLAYGROUND,2,0,1,3,1,2,1,10,-73.93810457,40.80254535,MANHATTAN    ,0.603,,
978,PENN SOUTH PLAYGROUND,2,0,1,3,1,2,1,10,-73.99854031,40.74749375,MANHATTAN    ,0.6,,
979,O'NEILL TRIANGLE,2,0,1,3,1,2,1,10,-73.91122714,40.8237811,BRONX        ,0.593,,
980,GEORGE WALKER JR. PARK,2,0,1,3,1,2,1,10,-76.9092313,38.8914679,BROOKLYN     ,0.591,,
981,UNDERHILL PLAYGROUND,2,0,1,3,1,2,1,10,-73.96571638,40.67665845,BROOKLYN     ,0.59,,
982,PETER DETMOLD PARK,2,0,1,3,1,2,1,10,-73.96365961,40.75365635,MANHATTAN    ,0.588,,
983,COBBLE HILL PARK,2,0,1,3,1,2,1,10,-73.99601811,40.68822675,BROOKLYN     ,0.585,,
984,WRIGHT BROTHERS PLAYGROUND,2,0,1,3,1,2,1,10,,,MANHATTAN    ,0.584,,
985,SEAN'S PLACE,2,0,1,3,1,2,1,10,-73.91834496,40.76078045,QUEENS       ,0.582,,
986,MERCER PLAYGROUND,2,0,1,3,1,2,1,10,-73.99630608,40.72761145,MANHATTAN    ,0.582,,
987,HARVARD PLAYGROUND,2,0,1,3,1,2,1,10,-73.78154755,40.70912335,QUEENS       ,0.581,,
988,SARSFIELD PLAYGROUND,2,0,1,3,1,2,1,10,,,BROOKLYN     ,0.579,,
989,HELL'S KITCHEN PARK,2,0,1,3,1,2,1,10,-1.461640023,53.37110875,MANHATTAN    ,0.576,,
990,RORY STAUNTON FIELD,2,0,1,3,1,2,1,10,-73.88841606,40.7540164,QUEENS       ,0.574,,
991,BENNINGER PLAYGROUND,2,0,1,3,1,2,1,10,-73.89827931,40.70706185,QUEENS       ,0.574,,
992,CARMANSVILLE PLAYGROUND,2,0,1,3,1,2,1,10,-73.94426027,40.82918625,MANHATTAN    ,0.573,,
993,SIXTEEN SYCAMORES PLAYGROUND,2,0,1,3,1,2,1,10,-73.98088905,40.68676605,BROOKLYN     ,0.567,,
994,GALAPO PLAYGROUND,2,0,1,3,1,2,1,10,-73.94657495,40.59816905,BROOKLYN     ,0.565,,
995,MCKINLEY PLAYGROUND,2,0,1,3,1,2,1,10,-73.98578446,40.72423975,MANHATTAN    ,0.563,,
996,ENNIS PLAYGROUND,2,0,1,3,1,2,1,10,-73.99375771,40.6707417,BROOKLYN     ,0.554,,
997,GUTENBERG PLAYGROUND,2,0,1,3,1,2,1,10,-73.9902521,40.76349975,MANHATTAN    ,0.551,,
998,BLAND PLAYGROUND,2,0,1,3,1,2,1,10,-73.8311346,40.75826905,QUEENS       ,0.551,,
999,PFC NORTON PLAYGROUND,2,0,1,3,1,2,1,10,,,BROOKLYN     ,0.55,,
1000,LITTLE CLAREMONT PARK,2,0,1,3,1,2,1,10,-3.044929968,53.83062635,BRONX        ,0.549,,
1001,JUNCTION PLAYGROUND,2,0,1,3,1,2,1,10,-73.8721579,40.75469105,QUEENS       ,0.54,,
1002,WOODRUFF PLAYGROUND,2,0,1,3,1,2,1,10,-73.8661273,40.6654457,BROOKLYN     ,0.536,,
1003,ABIGAIL PLAYGROUND,2,0,1,3,1,2,1,10,-73.9047222,40.8175,BRONX        ,0.529,,
1004,DR. GERTRUDE B. KELLY PLAYGROUND,2,0,1,3,1,2,1,10,-74.00205289,40.7415977,MANHATTAN    ,0.525,,
1005,WALD PLAYGROUND,2,0,1,3,1,2,1,10,-73.97687422,40.71969155,MANHATTAN    ,0.525,,
1006,ANDREWS GROVE,2,0,1,3,1,2,1,10,-1.3421103,53.6451043,QUEENS       ,0.518,,
1007,ANIBAL AVILES PLAYGROUND,2,0,1,3,1,2,1,10,-73.96279832,40.8011473,MANHATTAN    ,0.517,,
1008,LAFAYETTE PLAYGROUND ON LAFAYETTE AVENUE,2,0,1,3,1,2,1,10,,,BROOKLYN     ,0.517,,
1009,WASHINGTON PARK BRONX,2,0,1,3,1,2,1,10,-73.89366992,40.85576005,BRONX        ,0.516,,
1010,PAT WILLIAMS PLAYGROUND,2,0,1,3,1,2,1,10,-73.72954159,40.7129836,QUEENS       ,0.514,,
1011,GREENPOINT PLAYGROUND,2,0,1,3,1,2,1,10,-73.95893422,40.7358288,BROOKLYN     ,0.504,,
1012,PIERREPONT PLAYGROUND,2,0,1,3,1,2,1,10,-73.99752645,40.6962199,BROOKLYN     ,0.503,,
1013,EPIPHANY PLAYGROUND,2,0,1,3,1,2,1,10,-73.9655556,40.7086111,BROOKLYN     ,0.5,,
1014,JOHN ADAMS PLAYGROUND,2,0,1,3,1,2,1,10,-73.8355059,40.677273,QUEENS       ,0.494,,
1015,LEVY PLAYGROUND,2,0,1,3,1,2,1,10,-74.12892498,40.63391285,STATEN ISLAND,0.49,,
1016,CLEMENT CLARKE MOORE PARK,2,0,1,3,1,2,1,10,-74.00426973,40.7466092,MANHATTAN    ,0.489,,
1017,CHARLTON GARDEN,2,0,1,3,1,2,1,10,-73.9068031,40.8251006,BRONX        ,0.488,,
1018,THOMAS J. CUITE PARK,2,0,1,3,1,2,1,10,-73.97872611,40.65427205,BROOKLYN     ,0.487,,
1019,CHERRY CLINTON PLAYGROUND,2,0,1,3,1,2,1,10,-73.98632097,40.71128825,MANHATTAN    ,0.483,,
1020,HILTON WHITE PLAYGROUND,2,0,1,3,1,2,1,10,,,BRONX        ,0.477,,
1021,TURTLE PLAYGROUND,2,0,1,3,1,2,1,10,-73.82754169,40.74220845,QUEENS       ,0.476,,
1022,MILESTONE PARK,2,0,1,3,1,2,1,10,-87.3071639,30.5388806,BROOKLYN     ,0.476,,
1023,MATTHEWS - PALMER PLAYGROUND,2,0,1,3,1,2,1,10,-73.99277652,40.761339,MANHATTAN    ,0.475,,
1024,FAIRMOUNT PLAYGROUND,2,0,1,3,1,2,1,10,-73.8897222,40.8427778,BRONX        ,0.47,,
1025,MOTHER CABRINI PARK,2,0,1,3,1,2,1,10,-74.16353098,40.73385745,BROOKLYN     ,0.467,,
1026,VIRGINIA PLAYGROUND,2,0,1,3,1,2,1,10,-73.86205273,40.83413115,BRONX        ,0.461,,
1027,RAINBOW PLAYGROUND,2,0,1,3,1,2,1,10,-74.01107275,40.64054675,BROOKLYN     ,0.46,,
1028,TRIBOROUGH BRIDGE PLAYGROUND E,2,0,1,3,1,2,1,10,-73.92085901,40.77299285,QUEENS       ,0.46,,
1029,TRIBOROUGH BRIDGE PLAYGROUND C,2,0,1,3,1,2,1,10,-73.92222432,40.7739427,QUEENS       ,0.46,,
1030,TRIBOROUGH BRIDGE PLAYGROUND D,2,0,1,3,1,2,1,10,-73.9215639,40.77347975,QUEENS       ,0.46,,
1031,TEN EYCK PLAZA,2,0,1,3,1,2,1,10,-73.94933819,40.7092951,BROOKLYN     ,0.46,,
1032,UNDERBRIDGE DOG RUN,2,0,1,3,1,2,1,10,-73.84514057,40.7337695,QUEENS       ,0.457,,
1033,WILLIAM MCCRAY PLAYGROUND,2,0,1,3,1,2,1,10,,,MANHATTAN    ,0.456,,
1034,LOUIS ARMSTRONG COMMUNITY CENTER,2,0,1,3,1,2,1,10,,,QUEENS       ,0.452,,
1035,ABC PLAYGROUND,2,0,1,3,1,2,1,10,,,MANHATTAN    ,0.451,,
1036,MIDDLE VILLAGE PLAYGROUND,2,0,1,3,1,2,1,10,-73.87362532,40.7101076,QUEENS       ,0.448,,
1037,YAK PLAYGROUND,2,0,1,3,1,2,1,10,-73.93605026,40.5923148,BROOKLYN     ,0.444,,
1038,BUTTERFLY GARDENS,2,0,1,3,1,2,1,10,-1.479711165,52.9411637,BROOKLYN     ,0.442,,
1039,HAVEMEYER PLAYGROUND,2,0,1,3,1,2,1,10,-73.8477778,40.8297222,BRONX        ,0.442,,
1040,PLAYGROUND ONE,2,0,1,3,1,2,1,10,-73.99739806,40.7122614,MANHATTAN    ,0.44,,
1041,GARIBALDI PLAYGROUND,2,0,1,3,1,2,1,10,-74.00015488,40.6090201,BROOKLYN     ,0.437,,
1042,MCCAFFREY PLAYGROUND,2,0,1,3,1,2,1,10,-73.99124278,40.75896445,MANHATTAN    ,0.436,,
1043,MORRIS GARDEN,2,0,1,3,1,2,1,10,-73.90395985,40.8546916,BRONX        ,0.436,,
1044,ADMIRAL TRIANGLE,2,0,1,3,1,2,1,10,-74.00104149,40.676822,BROOKLYN     ,0.433,,
1045,HORSESHOE PLAYGROUND,2,0,1,3,1,2,1,10,-79.34540558,43.6593277,BRONX        ,0.432,,
1046,HUNTS POINT RIVERSIDE PARK,2,0,1,3,1,2,1,10,-73.88153512,40.817682,BRONX        ,0.426,,
1047,TOMPKINSVILLE PARK,2,0,1,3,1,2,1,10,-74.07641913,40.63741405,STATEN ISLAND,0.424,,
1048,WEST 4TH STREET COURTS,2,0,1,3,1,2,1,10,-103.8008958,50.7684343,MANHATTAN    ,0.42,,
1049,MOSHOLU PLAYGROUND,2,0,1,3,1,2,1,10,-73.8827778,40.8722222,BRONX        ,0.412,,
1050,LIOTTI IKEFUGI PLAYGROUND,2,0,1,3,1,2,1,10,-74.08382668,40.6387907,STATEN ISLAND,0.408,,
1051,JOSEPH C. SAUER PARK,2,0,1,3,1,2,1,10,-73.97971955,40.7281547,MANHATTAN    ,0.403,,
1052,PLAYGROUND EIGHTY NINE LXXXIX,2,0,1,3,1,2,1,10,,,MANHATTAN    ,0.402,,
1053,VAN NEST PARK,2,0,1,3,1,2,1,10,-74.60502985,40.3132289,BRONX        ,0.401,,
1054,JOSEPHINE CAMINITI PLAYGROUND,2,0,1,3,1,2,1,10,-73.86154334,40.743968,QUEENS       ,0.398,,
1055,RODNEY PARK SOUTH,2,0,1,3,1,2,1,10,-73.95722091,40.7076443,BROOKLYN     ,0.392,,
1056,CHELSEA RECREATION CENTER,2,0,1,3,1,2,1,10,-74.00221969,40.7482962,MANHATTAN    ,0.385,,
1057,IMAGINATION PLAYGROUND,2,0,1,3,1,2,1,10,-74.00403383,40.70615375,MANHATTAN    ,0.385,,
1058,HINES PARK,2,0,1,3,1,2,1,10,-81.24021996,35.7026904,BRONX        ,0.383,,
1059,GOBLE PLAYGROUND,2,0,1,3,1,2,1,10,-73.91700016,40.8437874,BRONX        ,0.381,,
1060,GRAND PLAYGROUND,2,0,1,3,1,2,1,10,3.0658708,50.635174,BRONX        ,0.381,,
1061,RODNEY PARK NORTH,2,0,1,3,1,2,1,10,-73.95636045,40.70909375,BROOKLYN     ,0.37,,
1062,ST. MARY'S PARK PLAYGROUND BROOKLYN,2,0,1,3,1,2,1,10,,,BROOKLYN     ,0.367,,
1063,MARCY PARK SOUTH,2,0,1,3,1,2,1,10,-73.95813561,40.7074711,BROOKLYN     ,0.357,,
1064,MCLAUGHLIN PLAYGROUND,2,0,1,3,1,2,1,10,-71.10271237,42.3283095,QUEENS       ,0.356,,
1065,BLEECKER PLAYGROUND,2,0,1,3,1,2,1,10,-74.0055016,40.7364971,MANHATTAN    ,0.356,,
1066,HARLEM ART PARK,2,0,1,3,1,2,1,10,-73.9388626,40.80106605,MANHATTAN    ,0.347,,
1067,VINCENT F. ALBANO JR. PLAYGROUND,2,0,1,3,1,2,1,10,-73.97838491,40.7419443,MANHATTAN    ,0.346,,
1068,ST. MARY'S PARK BROOKLYN,2,0,1,3,1,2,1,10,,,BROOKLYN     ,0.345,,
1069,JEROME PLAYGROUND SOUTH,2,0,1,3,1,2,1,10,,,BRONX        ,0.345,,
1070,WALTON PARK,2,0,1,3,1,2,1,10,-74.2290372,41.3098159,BRONX        ,0.344,,
1071,SUTTON PLACE PARK,2,0,1,3,1,2,1,10,-73.96,40.7572222,MANHATTAN    ,0.342,,
1072,REV LENA IRONS UNITY PARK,2,0,1,3,1,2,1,10,,,BRONX        ,0.342,,
1073,KINGSBRIDGE HEIGHTS COMMUNITY CENTER,2,0,1,3,1,2,1,10,,,BRONX        ,0.329,,
1074,MACARTHUR PARK,2,0,1,3,1,2,1,10,-118.2776964,34.0588418,MANHATTAN    ,0.329,,
1075,SLEDGE PLAYGROUND,2,0,1,3,1,2,1,10,-73.8977778,40.6380556,BROOKLYN     ,0.328,,
1076,FREEDOM SQUARE PLAYGROUND,2,0,1,3,1,2,1,10,-73.82033333,40.72338815,QUEENS       ,0.327,,
1077,BERRY PLAYGROUND,2,0,1,3,1,2,1,10,-73.96352455,40.7126616,BROOKLYN     ,0.327,,
1078,LONG ISLAND MEWS,2,0,1,3,1,2,1,10,-73.89014041,40.7361484,QUEENS       ,0.323,,
1079,BLACK ROCK PLAYGROUND,2,0,1,3,1,2,1,10,-73.8575344,40.828341,BRONX        ,0.322,,
1080,HOT SPOT TOT LOT,2,0,1,3,1,2,1,10,-73.95674898,40.63090375,BROOKLYN     ,0.322,,
1081,RODNEY PLAYGROUND SOUTH,2,0,1,3,1,2,1,10,-73.955933,40.7097413,BROOKLYN     ,0.319,,
1082,BRIDGE AND TUNNEL PARK,2,0,1,3,1,2,1,10,-73.95133847,40.741961,QUEENS       ,0.318,,
1083,STOP & GO PLAYGROUND,2,0,1,3,1,2,1,10,-73.8988889,40.845,BRONX        ,0.316,,
1084,MACLAUGHLIN PLAYGROUND,2,0,1,3,1,2,1,10,-73.90526659,40.8880694,BRONX        ,0.304,,
1085,HARRY CHAPIN PLAYGROUND,2,0,1,3,1,2,1,10,-73.99497621,40.70068165,BROOKLYN     ,0.3,,
1086,ANNADALE GREEN,2,0,1,3,1,2,1,10,-74.177686,40.54143775,STATEN ISLAND,0.3,,
1087,WEEKSVILLE PLAYGROUND,2,0,1,3,1,2,1,10,-73.9194852,40.6771601,BROOKLYN     ,0.295,,
1088,DODGER PLAYGROUND,2,0,1,3,1,2,1,10,-73.9523621,40.66485735,BROOKLYN     ,0.293,,
1089,RODNEY PLAYGROUND NORTH,2,0,1,3,1,2,1,10,-73.95499217,40.71107645,BROOKLYN     ,0.29,,
1090,ELIZABETH STROUD PLAYGROUND,2,0,1,3,1,2,1,10,-73.93110172,40.6796997,BROOKLYN     ,0.29,,
1091,HANSBOROUGH RECREATION CENTER,2,0,1,3,1,2,1,10,-73.93933176,40.81283485,MANHATTAN    ,0.29,,
1092,A.R.R.O.W. FIELD HOUSE,2,0,1,3,1,2,1,10,,,QUEENS       ,0.29,,
1093,PLAYGROUND 115,2,0,1,3,1,2,1,10,-72.67732565,44.99334105,QUEENS       ,0.287,,
1094,JENNIE JEROME PLAYGROUND,2,0,1,3,1,2,1,10,-73.91337994,40.8455797,BRONX        ,0.287,,
1095,MARINERS HARBOR PLAYGROUND,2,0,1,3,1,2,1,10,-74.1604718,40.6365199,STATEN ISLAND,0.271,,
1096,YOUTH VILLAGE,2,0,1,3,1,2,1,10,121.5492675,25.0409839,BRONX        ,0.27,,
1097,BEANSTALK PLAYGROUND,2,0,1,3,1,2,1,10,-73.9166667,40.8538889,BRONX        ,0.267,,
1098,DESALVIO PLAYGROUND,2,0,1,3,1,2,1,10,-73.99610958,40.72164055,MANHATTAN    ,0.266,,
1099,DAN ROSS PLAYGROUND,2,0,1,3,1,2,1,10,,,BROOKLYN     ,0.256,,
1100,DREAM STREET PARK,2,0,1,3,1,2,2,11,-73.9350402,40.80274065,MANHATTAN    ,0.252,,
1101,SIDNEY HILLMAN PLAYGROUND,2,0,1,3,1,2,2,11,-73.9796043,40.7153429,MANHATTAN    ,0.245,,
1102,SUNSHINE PLAYGROUND,2,0,1,3,1,2,2,11,-73.94781163,40.788489,MANHATTAN    ,0.24,,
1103,RODNEY PARK CENTER,2,0,1,3,1,2,2,11,-73.95670545,40.7085402,BROOKLYN     ,0.237,,
1104,ST. GREGORY'S PLAYGROUND,2,0,1,3,1,2,2,11,,,MANHATTAN    ,0.231,,
1105,SORRENTINO RECREATION CENTER,2,0,1,3,1,2,2,11,,,QUEENS       ,0.231,,
1106,WILLIAM F MOORE PARK,2,0,1,3,1,2,2,11,-73.85535821,40.7435761,QUEENS       ,0.23,,
1107,UMMA PARK,2,0,1,3,1,2,2,11,-73.96187326,40.65360725,BROOKLYN     ,0.23,,
1108,MARY O'CONNOR PLAYGROUND,2,0,1,3,1,2,2,11,-73.97073882,40.74956435,MANHATTAN    ,0.229,,
1109,GENE GRAY PLAYGROUND,2,0,1,3,1,2,2,11,-73.8188889,40.6061111,QUEENS       ,0.229,,
1110,OGDEN PLIMPTON PLAYGROUND,2,0,1,3,1,2,2,11,-73.9236111,40.8419444,BRONX        ,0.229,,
1111,DOWNING STREET PLAYGROUND,2,0,1,3,1,2,2,11,-74.00270904,40.7297984,MANHATTAN    ,0.223,,
1112,PLAYGROUND THIRTY FIVE XXXV,2,0,1,3,1,2,2,11,-73.92204281,40.75479215,QUEENS       ,0.218,,
1113,ROLF HENRY PLAYGROUND,2,0,1,3,1,2,2,11,,,BROOKLYN     ,0.213,,
1114,P.S. 125 PLAYGROUND,2,0,1,3,1,2,2,11,-71.85259,42.761359,BROOKLYN     ,0.208,,
1115,TONY DAPOLITO RECREATION CENTER,2,0,1,3,1,2,2,11,-74.00543678,40.72962485,MANHATTAN    ,0.208,,
1116,DAVIDSON PLAYGROUND,2,0,1,3,1,2,2,11,-73.9077206,40.85505665,BRONX        ,0.207,,
1117,ASTORIA HEALTH PLAYGROUND,2,0,1,3,1,2,2,11,-73.93269288,40.76794915,QUEENS       ,0.207,,
1118,MINETTA PLAYGROUND,2,0,1,3,1,2,2,11,-74.00130017,40.73070555,MANHATTAN    ,0.206,,
1119,CHIARANTANO PLAYGROUND,2,0,1,3,1,2,2,11,,,BROOKLYN     ,0.206,,
1120,CORONA MAC PARK,2,0,1,3,1,2,2,11,,,QUEENS       ,0.205,,
1121,THORPE FAMILY PLAYGROUND,2,0,1,3,1,2,2,11,,,BRONX        ,0.201,,
1122,SUNNERS PLAYGROUND,2,0,1,3,1,2,2,11,-73.9297262,40.6322751,BROOKLYN     ,0.197,,
1123,TUDOR GROVE PLAYGROUND,2,0,1,3,1,2,2,11,-73.97111903,40.74899415,MANHATTAN    ,0.192,,
1124,RODNEY PLAYGROUND CENTER,2,0,1,3,1,2,2,11,-73.95556309,40.7102649,BROOKLYN     ,0.189,,
1125,SEABURY PARK,2,0,1,3,1,2,2,11,-93.25422607,44.2857197,BRONX        ,0.186,,
1126,PENN TRIANGLE,2,0,1,3,1,2,2,11,-73.96080792,40.7008047,BROOKLYN     ,0.183,,
1127,EAE J MITCHELL PARK,2,0,1,3,1,2,2,11,,,BRONX        ,0.183,,
1128,METROPOLITAN RECREATION CENTER,2,0,1,3,1,2,2,11,-119.0218164,35.3941378,BROOKLYN     ,0.181,,
1129,RAMON APONTE PARK,2,0,1,3,1,2,2,11,,,MANHATTAN    ,0.174,,
1130,BILL BOJANGLES ROBINSON PLAYGROUND,2,0,1,3,1,2,2,11,-73.9373153,40.8252437,MANHATTAN    ,0.172,,
1131,FIELD OF DREAMS PARK,2,0,1,3,1,2,2,11,-73.892279,40.82659025,BRONX        ,0.172,,
1132,RECREATION CENTER 54,2,0,1,3,1,2,2,11,-73.9649651,40.7565227,MANHATTAN    ,0.17,,
1133,PEARL ST PLAYGROUND,2,0,1,3,1,2,2,11,-74.00392575,40.70795575,MANHATTAN    ,0.162,,
1134,LEWIS PLAYGROUND,2,0,1,3,1,2,2,11,-90.24923698,38.65481795,BROOKLYN     ,0.161,,
1135,NORTH PACIFIC PLAYGROUND,2,0,1,3,1,2,2,11,-73.98213874,40.6852855,BROOKLYN     ,0.155,,
1136,MORRIS MESA,2,0,1,3,1,2,2,11,-73.90962146,40.8452051,BRONX        ,0.15,,
1137,PEACE PARK,2,0,1,3,1,2,2,11,-122.3193402,47.6556699,BRONX        ,0.141,,
1138,DUKE PARK,2,0,1,3,1,2,1,10,-78.8914927,36.0114861,BROOKLYN     ,0.137,,
1139,SOBEL PLAYGROUND,2,0,1,3,1,2,1,10,,,BROOKLYN     ,0.135,,
1140,CAPTAIN JACOB JOSEPH PLAYGROUND,2,0,1,3,1,2,1,10,-73.98981603,40.7135651,MANHATTAN    ,0.135,,
1141,GRAND CANAL COURT,2,0,1,3,1,2,1,10,-118.4693175,33.9866055,MANHATTAN    ,0.134,,
1142,LT. FEDERICO NARVAEZ TOT LOT,2,0,1,3,1,2,1,10,,,BROOKLYN     ,0.125,,
1143,WEST 186TH STREET BASKETBALL COURT,2,0,1,3,1,2,1,10,-73.9309383,40.85187645,MANHATTAN    ,0.123,,
1144,SOPHIE IRENE LOEB,2,0,1,3,1,2,1,10,-73.99437788,40.7134485,MANHATTAN    ,0.122,,
1145,BARRETTO PARK,2,0,1,3,1,2,1,10,-73.8886111,40.8130556,BRONX        ,0.12,,
1146,ABYSSINIAN TOT LOT,2,0,1,3,1,2,1,10,-73.94090024,40.8170484,MANHATTAN    ,0.118,,
1147,ALEXANDER'S ALLEY,2,0,1,3,1,2,1,10,-89.2674835,37.3012598,BRONX        ,0.11,,
1148,EAST FLATBUSH CHILDREN'S PARK,2,0,1,3,1,2,22,31,,,BROOKLYN     ,0.106,,
1149,MOHEGAN TRIANGLE,2,0,1,3,1,5,2,14,-73.88479266,40.84418365,BRONX        ,0.096,,
1150,PLAYGROUND OF THE AMERICAS,2,0,1,3,1,5,1,13,-74.00268749,40.72796045,MANHATTAN    ,0.079,,
1151,PRIVATE WILLIAM GRAY PARK,2,0,1,3,1,2,1,10,,,QUEENS       ,0.069,,
1152,ADRIENNE'S PLAYGROUND,2,0,1,3,1,2,1,10,-73.99808999,40.7288472,MANHATTAN    ,0,,
1153,TOTAL,2,4,1,3,1,2,1,317,,,,,,
